Code,2008,2009,2010,2011,2012,2013,2014,2015,2016,2017,2018,2019,2020
AT000000STR1(ENRRO13V),N   ,N   ,N   ,N   ,N   ,N   ,N   ,N   ,N   ,N   ,N   ,N   ,N   
,"$$ER: 9903,NO DATA AVAILABLE",,,,,,,,,,,,
,"$$ER: 0904,NO DATA AVAILABLE",,,,,,,,,,,,
,"$$ER: 0904,NO DATA AVAILABLE",,,,,,,,,,,,
AT0000720008(ENRRO13V),N   ,N   ,N   ,N   ,N   ,N   ,N   ,N   ,N   ,N   ,N   ,N   ,N   
,"$$ER: 9903,NO DATA AVAILABLE",,,,,,,,,,,,
,"$$ER: 0904,NO DATA AVAILABLE",,,,,,,,,,,,
,"$$ER: 0904,NO DATA AVAILABLE",,,,,,,,,,,,
AT0000758305(ENRRO13V),NA,NA,NA,NA,NA,NA,NA,NA,NA,NA,N   ,N   ,N   
,"$$ER: 9903,NO DATA AVAILABLE",,,,,,,,,,,,
,"$$ER: 0904,NO DATA AVAILABLE",,,,,,,,,,,,
,"$$ER: 0904,NO DATA AVAILABLE",,,,,,,,,,,,
AT0000969985(ENRRO13V),NA,NA,NA,NA,NA,NA,NA,NA,NA,NA,N   ,N   ,N   
,"$$ER: 9903,NO DATA AVAILABLE",,,,,,,,,,,,
,"$$ER: 0904,NO DATA AVAILABLE",,,,,,,,,,,,
,"$$ER: 0904,NO DATA AVAILABLE",,,,,,,,,,,,
AT000AGRANA3(ENRRO13V),NA,NA,NA,NA,NA,NA,NA,NA,NA,NA,NA,N   ,N   
,"$$ER: 9903,NO DATA AVAILABLE",,,,,,,,,,,,
,"$$ER: 0904,NO DATA AVAILABLE",,,,,,,,,,,,
,"$$ER: 0904,NO DATA AVAILABLE",,,,,,,,,,,,
BE0003470755(ENRRO13V),N   ,N   ,N   ,N   ,N   ,N   ,N   ,N   ,N   ,N   ,N   ,N   ,N   
,"$$ER: 9903,NO DATA AVAILABLE",,,,,,,,,,,,
BE0003470755(ENERDP091),NA,NA,NA,41000000,73000000,80000000,NA,NA,NA,NA,NA,81000000,68000000
BE0003470755(ENPIDP023),NA,NA,35000000,NA,261000000,237000000,247000000,277000000,NA,NA,352000000,336000000,291000000
BE0003735496(ENRRO13V),N   ,N   ,N   ,N   ,N   ,N   ,N   ,N   ,N   ,N   ,N   ,N   ,N   
,"$$ER: 9903,NO DATA AVAILABLE",,,,,,,,,,,,
,"$$ER: 0904,NO DATA AVAILABLE",,,,,,,,,,,,
,"$$ER: 0904,NO DATA AVAILABLE",,,,,,,,,,,,
BE0003739530(ENRRO13V),N   ,N   ,N   ,N   ,N   ,N   ,N   ,N   ,N   ,N   ,N   ,N   ,N   
,"$$ER: 9903,NO DATA AVAILABLE",,,,,,,,,,,,
BE0003739530(ENERDP091),1000000,1000000,0,0,6000000,2000000,0,7000000,0,0,1000000,4000000,1000000
,"$$ER: 0904,NO DATA AVAILABLE",,,,,,,,,,,,
BE0003808251(ENRRO13V),NA,NA,NA,NA,NA,NA,NA,NA,NA,NA,N   ,N   ,N   
,"$$ER: 9903,NO DATA AVAILABLE",,,,,,,,,,,,
,"$$ER: 0904,NO DATA AVAILABLE",,,,,,,,,,,,
,"$$ER: 0904,NO DATA AVAILABLE",,,,,,,,,,,,
BE0003810273(ENRRO13V),N   ,N   ,N   ,N   ,N   ,N   ,N   ,N   ,N   ,N   ,N   ,N   ,N   
,"$$ER: 9903,NO DATA AVAILABLE",,,,,,,,,,,,
,"$$ER: 0904,NO DATA AVAILABLE",,,,,,,,,,,,
,"$$ER: 0904,NO DATA AVAILABLE",,,,,,,,,,,,
BE0003826436(ENRRO13V),NA,N   ,N   ,N   ,N   ,N   ,N   ,N   ,N   ,N   ,N   ,N   ,N   
,"$$ER: 9903,NO DATA AVAILABLE",,,,,,,,,,,,
,"$$ER: 0904,NO DATA AVAILABLE",,,,,,,,,,,,
,"$$ER: 0904,NO DATA AVAILABLE",,,,,,,,,,,,
BE0974256852(ENRRO13V),N   ,N   ,N   ,N   ,N   ,N   ,N   ,N   ,N   ,N   ,N   ,N   ,N   
,"$$ER: 9903,NO DATA AVAILABLE",,,,,,,,,,,,
BE0974256852(ENERDP091),NA,NA,800000,1500000,1300000,NA,NA,NA,NA,NA,NA,NA,NA
,"$$ER: 0904,NO DATA AVAILABLE",,,,,,,,,,,,
BE0974258874(ENRRO13V),N   ,N   ,N   ,N   ,N   ,N   ,N   ,N   ,N   ,N   ,N   ,N   ,N   
,"$$ER: 9903,NO DATA AVAILABLE",,,,,,,,,,,,
BE0974258874(ENERDP091),NA,NA,NA,2394000,2564000,193000,2192000,848000,471000,496000,494000,577000,8766000
,"$$ER: 0904,NO DATA AVAILABLE",,,,,,,,,,,,
BE0974259880(ENRRO13V),N   ,N   ,N   ,N   ,N   ,N   ,N   ,N   ,N   ,N   ,N   ,N   ,N   
,"$$ER: 9903,NO DATA AVAILABLE",,,,,,,,,,,,
,"$$ER: 0904,NO DATA AVAILABLE",,,,,,,,,,,,
,"$$ER: 0904,NO DATA AVAILABLE",,,,,,,,,,,,
BE0974268972(ENRRO13V),NA,NA,NA,NA,NA,NA,N   ,N   ,N   ,N   ,N   ,N   ,N   
,"$$ER: 9903,NO DATA AVAILABLE",,,,,,,,,,,,
,"$$ER: 0904,NO DATA AVAILABLE",,,,,,,,,,,,
,"$$ER: 0904,NO DATA AVAILABLE",,,,,,,,,,,,
BE0974276082(ENRRO13V),NA,NA,NA,NA,NA,NA,NA,N   ,N   ,N   ,N   ,N   ,N   
,"$$ER: 9903,NO DATA AVAILABLE",,,,,,,,,,,,
,"$$ER: 0904,NO DATA AVAILABLE",,,,,,,,,,,,
,"$$ER: 0904,NO DATA AVAILABLE",,,,,,,,,,,,
CH0303692047(ENRRO13V),NA,NA,NA,NA,NA,NA,NA,NA,NA,NA,N   ,N   ,N   
,"$$ER: 9903,NO DATA AVAILABLE",,,,,,,,,,,,
,"$$ER: 0904,NO DATA AVAILABLE",,,,,,,,,,,,
,"$$ER: 0904,NO DATA AVAILABLE",,,,,,,,,,,,
DE0005158703(ENRRO13V),NA,NA,NA,NA,NA,NA,NA,NA,NA,N   ,N   ,N   ,N   
,"$$ER: 9903,NO DATA AVAILABLE",,,,,,,,,,,,
,"$$ER: 0904,NO DATA AVAILABLE",,,,,,,,,,,,
,"$$ER: 0904,NO DATA AVAILABLE",,,,,,,,,,,,
DE0005176903(ENRRO13V),NA,NA,NA,NA,NA,NA,NA,NA,NA,NA,N   ,N   ,N   
,"$$ER: 9903,NO DATA AVAILABLE",,,,,,,,,,,,
,"$$ER: 0904,NO DATA AVAILABLE",,,,,,,,,,,,
,"$$ER: 0904,NO DATA AVAILABLE",,,,,,,,,,,,
DE0005313704(ENRRO13V),NA,NA,NA,NA,NA,NA,NA,NA,NA,N   ,N   ,N   ,N   
,"$$ER: 9903,NO DATA AVAILABLE",,,,,,,,,,,,
,"$$ER: 0904,NO DATA AVAILABLE",,,,,,,,,,,,
,"$$ER: 0904,NO DATA AVAILABLE",,,,,,,,,,,,
DE0005773303(ENRRO13V),N   ,N   ,N   ,N   ,N   ,N   ,N   ,N   ,N   ,N   ,N   ,N   ,N   
,"$$ER: 9903,NO DATA AVAILABLE",,,,,,,,,,,,
DE0005773303(ENERDP091),11000000,8100000,6200000,6600000,5100000,5100000,4500000,2900000,3000000,2600000,2400000,2700000,2400000
,"$$ER: 0904,NO DATA AVAILABLE",,,,,,,,,,,,
DE0005800601(ENRRO13V),NA,NA,NA,NA,NA,NA,NA,NA,NA,NA,N   ,N   ,N   
,"$$ER: 9903,NO DATA AVAILABLE",,,,,,,,,,,,
,"$$ER: 0904,NO DATA AVAILABLE",,,,,,,,,,,,
,"$$ER: 0904,NO DATA AVAILABLE",,,,,,,,,,,,
DE0005909006(ENRRO13V),N   ,N   ,N   ,N   ,N   ,N   ,N   ,N   ,N   ,N   ,N   ,N   ,N   
,"$$ER: 9903,NO DATA AVAILABLE",,,,,,,,,,,,
,"$$ER: 0904,NO DATA AVAILABLE",,,,,,,,,,,,
DE0005909006(ENPIDP023),NA,NA,NA,NA,NA,NA,15000000,7680000,3000000,600000,300000,200000,200000
DE0006062144(ENRRO13V),NA,NA,NA,NA,NA,NA,NA,N   ,N   ,N   ,N   ,N   ,N   
,"$$ER: 9903,NO DATA AVAILABLE",,,,,,,,,,,,
DE0006062144(ENERDP091),NA,NA,NA,NA,NA,NA,NA,7000000,3000000,2000000,4000000,2000000,2000000
,"$$ER: 0904,NO DATA AVAILABLE",,,,,,,,,,,,
DE0006275001(ENRRO13V),N   ,NA,NA,NA,NA,NA,NA,NA,NA,NA,NA,NA,NA
,"$$ER: 9903,NO DATA AVAILABLE",,,,,,,,,,,,
,"$$ER: E100,INVALID CODE OR EXPRESSION ENTERED",,,,,,,,,,,,
,"$$ER: E100,INVALID CODE OR EXPRESSION ENTERED",,,,,,,,,,,,
DE0006305006(ENRRO13V),NA,NA,NA,NA,NA,NA,NA,NA,NA,NA,N   ,N   ,N   
,"$$ER: 9903,NO DATA AVAILABLE",,,,,,,,,,,,
,"$$ER: 0904,NO DATA AVAILABLE",,,,,,,,,,,,
,"$$ER: 0904,NO DATA AVAILABLE",,,,,,,,,,,,
DE0006450000(ENRRO13V),NA,NA,NA,NA,NA,NA,NA,NA,NA,NA,NA,N   ,N   
,"$$ER: 9903,NO DATA AVAILABLE",,,,,,,,,,,,
,"$$ER: 0904,NO DATA AVAILABLE",,,,,,,,,,,,
,"$$ER: 0904,NO DATA AVAILABLE",,,,,,,,,,,,
DE0007030009(ENRRO13V),N   ,N   ,N   ,N   ,N   ,N   ,N   ,N   ,N   ,N   ,N   ,N   ,N   
,"$$ER: 9903,NO DATA AVAILABLE",,,,,,,,,,,,
,"$$ER: 0904,NO DATA AVAILABLE",,,,,,,,,,,,
,"$$ER: 0904,NO DATA AVAILABLE",,,,,,,,,,,,
DE0007037129(ENRRO13V),N   ,N   ,N   ,N   ,N   ,N   ,N   ,N   ,N   ,N   ,Y   ,Y   ,N   
DE0007037129(ENRRDP067),NA,NA,NA,NA,NA,NA,NA,NA,NA,NA,1,1,NA
DE0007037129(ENERDP091),2115000000,2229000000,2863000000,2875000000,2783000000,2640000000,2380000000,2003500000,1944000000,1647000000,635500000,1302500000,1676100000
DE0007037129(ENPIDP023),105000000,110000000,149000000,146000000,150000000,151000000,110000000,101000000,165000000,182000000,18000000,21000000,20000000
DE0007074007(ENRRO13V),NA,NA,NA,NA,NA,NA,NA,NA,NA,NA,N   ,N   ,N   
,"$$ER: 9903,NO DATA AVAILABLE",,,,,,,,,,,,
,"$$ER: 0904,NO DATA AVAILABLE",,,,,,,,,,,,
,"$$ER: 0904,NO DATA AVAILABLE",,,,,,,,,,,,
DE0007164600(ENRRO13V),N   ,N   ,N   ,N   ,N   ,N   ,N   ,N   ,N   ,N   ,N   ,N   ,N   
,"$$ER: 9903,NO DATA AVAILABLE",,,,,,,,,,,,
,"$$ER: 0904,NO DATA AVAILABLE",,,,,,,,,,,,
,"$$ER: 0904,NO DATA AVAILABLE",,,,,,,,,,,,
DE0007193500(ENRRO13V),NA,NA,NA,NA,NA,NA,NA,NA,NA,NA,N   ,N   ,N   
,"$$ER: 9903,NO DATA AVAILABLE",,,,,,,,,,,,
,"$$ER: 0904,NO DATA AVAILABLE",,,,,,,,,,,,
,"$$ER: 0904,NO DATA AVAILABLE",,,,,,,,,,,,
DE0007297004(ENRRO13V),N   ,N   ,N   ,N   ,N   ,N   ,N   ,N   ,N   ,N   ,N   ,N   ,N   
,"$$ER: 9903,NO DATA AVAILABLE",,,,,,,,,,,,
DE0007297004(ENERDP091),NA,NA,NA,NA,NA,42900000,23700000,22700000,53500000,19000000,26500000,10400000,33900000
,"$$ER: 0904,NO DATA AVAILABLE",,,,,,,,,,,,
DE0007446007(ENRRO13V),NA,NA,NA,NA,NA,NA,NA,NA,NA,NA,N   ,N   ,N   
,"$$ER: 9903,NO DATA AVAILABLE",,,,,,,,,,,,
,"$$ER: 0904,NO DATA AVAILABLE",,,,,,,,,,,,
,"$$ER: 0904,NO DATA AVAILABLE",,,,,,,,,,,,
DE0007500001(ENRRO13V),N   ,N   ,N   ,N   ,N   ,N   ,N   ,N   ,N   ,N   ,N   ,N   ,N   
,"$$ER: 9903,NO DATA AVAILABLE",,,,,,,,,,,,
DE0007500001(ENERDP091),511000000,454000000,532000000,539000000,547000000,542000000,581000000,486000000,474000000,NA,NA,NA,NA
,"$$ER: 0904,NO DATA AVAILABLE",,,,,,,,,,,,
DE000A0D6554(ENRRO13V),NA,NA,NA,NA,NA,NA,NA,NA,NA,NA,N   ,N   ,N   
,"$$ER: 9903,NO DATA AVAILABLE",,,,,,,,,,,,
,"$$ER: 0904,NO DATA AVAILABLE",,,,,,,,,,,,
,"$$ER: 0904,NO DATA AVAILABLE",,,,,,,,,,,,
DE000A0D9PT0(ENRRO13V),N   ,N   ,N   ,N   ,N   ,N   ,N   ,N   ,N   ,N   ,N   ,N   ,N   
,"$$ER: 9903,NO DATA AVAILABLE",,,,,,,,,,,,
DE000A0D9PT0(ENERDP091),NA,NA,NA,NA,NA,5349779,3803938,3572480,4723690,14560000,9500000,11600000,10000000
DE000A0D9PT0(ENPIDP023),50420168.06,71218487.39,80000000,261900000,241400000,193200000,195300000,210000000,208600000,199700000,201200000,214300000,186000000
DE000A0LD6E6(ENRRO13V),N   ,N   ,N   ,N   ,N   ,N   ,N   ,N   ,N   ,N   ,N   ,N   ,N   
,"$$ER: 9903,NO DATA AVAILABLE",,,,,,,,,,,,
,"$$ER: 0904,NO DATA AVAILABLE",,,,,,,,,,,,
,"$$ER: 0904,NO DATA AVAILABLE",,,,,,,,,,,,
DE000A111338(ENRRO13V),NA,NA,NA,NA,NA,NA,NA,NA,NA,NA,N   ,N   ,N   
,"$$ER: 9903,NO DATA AVAILABLE",,,,,,,,,,,,
,"$$ER: 0904,NO DATA AVAILABLE",,,,,,,,,,,,
,"$$ER: 0904,NO DATA AVAILABLE",,,,,,,,,,,,
DE000A14KEB5(ENRRO13V),NA,NA,NA,NA,NA,NA,NA,NA,NA,NA,NA,NA,N   
,"$$ER: 9903,NO DATA AVAILABLE",,,,,,,,,,,,
,"$$ER: 0904,NO DATA AVAILABLE",,,,,,,,,,,,
,"$$ER: 0904,NO DATA AVAILABLE",,,,,,,,,,,,
DE000A1PHFF7(ENRRO13V),NA,NA,NA,N   ,N   ,N   ,N   ,N   ,N   ,N   ,N   ,N   ,N   
,"$$ER: 9903,NO DATA AVAILABLE",,,,,,,,,,,,
,"$$ER: 0904,NO DATA AVAILABLE",,,,,,,,,,,,
,"$$ER: 0904,NO DATA AVAILABLE",,,,,,,,,,,,
DE000A2NB601(ENRRO13V),NA,NA,NA,NA,NA,NA,NA,NA,NA,NA,N   ,N   ,N   
,"$$ER: 9903,NO DATA AVAILABLE",,,,,,,,,,,,
,"$$ER: 0904,NO DATA AVAILABLE",,,,,,,,,,,,
,"$$ER: 0904,NO DATA AVAILABLE",,,,,,,,,,,,
DE000A2NBTL2(ENRRO13V),NA,NA,NA,NA,NA,NA,NA,NA,NA,NA,NA,NA,N   
,"$$ER: 9903,NO DATA AVAILABLE",,,,,,,,,,,,
,"$$ER: 0904,NO DATA AVAILABLE",,,,,,,,,,,,
,"$$ER: 0904,NO DATA AVAILABLE",,,,,,,,,,,,
DE000BAY0017(ENRRO13V),N   ,N   ,N   ,N   ,N   ,N   ,N   ,N   ,Y   ,N   ,Y   ,Y   ,Y   
DE000BAY0017(ENRRDP067),NA,NA,NA,NA,NA,NA,NA,NA,4,NA,2,6,NA
DE000BAY0017(ENERDP091),NA,2659000,32000000,33000000,51000000,33000000,31000000,64000000,23000000,32000000,41000000,52000000,32000000
,"$$ER: 0904,NO DATA AVAILABLE",,,,,,,,,,,,
DE000CLS1001(ENRRO13V),N   ,N   ,N   ,N   ,N   ,N   ,N   ,N   ,N   ,N   ,N   ,N   ,N   
,"$$ER: 9903,NO DATA AVAILABLE",,,,,,,,,,,,
,"$$ER: 0904,NO DATA AVAILABLE",,,,,,,,,,,,
,"$$ER: 0904,NO DATA AVAILABLE",,,,,,,,,,,,
DE000EVNK013(ENRRO13V),NA,NA,NA,NA,NA,N   ,N   ,N   ,N   ,N   ,N   ,N   ,Y   
,"$$ER: 9903,NO DATA AVAILABLE",,,,,,,,,,,,
DE000EVNK013(ENERDP091),NA,NA,NA,NA,NA,279000000,366000000,326000000,329000000,352000000,355000000,325000000,354000000
,"$$ER: 0904,NO DATA AVAILABLE",,,,,,,,,,,,
DE000KBX1006(ENRRO13V),NA,NA,NA,NA,NA,NA,NA,NA,NA,N   ,N   ,N   ,N   
,"$$ER: 9903,NO DATA AVAILABLE",,,,,,,,,,,,
,"$$ER: 0904,NO DATA AVAILABLE",,,,,,,,,,,,
,"$$ER: 0904,NO DATA AVAILABLE",,,,,,,,,,,,
DE000KGX8881(ENRRO13V),NA,NA,NA,NA,NA,NA,N   ,N   ,N   ,N   ,N   ,N   ,N   
,"$$ER: 9903,NO DATA AVAILABLE",,,,,,,,,,,,
,"$$ER: 0904,NO DATA AVAILABLE",,,,,,,,,,,,
,"$$ER: 0904,NO DATA AVAILABLE",,,,,,,,,,,,
DE000LED4000(ENRRO13V),NA,NA,NA,NA,NA,N   ,N   ,N   ,N   ,N   ,N   ,N   ,N   
,"$$ER: 9903,NO DATA AVAILABLE",,,,,,,,,,,,
,"$$ER: 0904,NO DATA AVAILABLE",,,,,,,,,,,,
,"$$ER: 0904,NO DATA AVAILABLE",,,,,,,,,,,,
DE000NWRK013(ENRRO13V),NA,NA,NA,NA,NA,NA,NA,NA,NA,NA,N   ,N   ,N   
,"$$ER: 9903,NO DATA AVAILABLE",,,,,,,,,,,,
,"$$ER: 0904,NO DATA AVAILABLE",,,,,,,,,,,,
,"$$ER: 0904,NO DATA AVAILABLE",,,,,,,,,,,,
DE000SHA0159(ENRRO13V),NA,NA,NA,NA,NA,NA,NA,N   ,N   ,N   ,N   ,N   ,N   
,"$$ER: 9903,NO DATA AVAILABLE",,,,,,,,,,,,
,"$$ER: 0904,NO DATA AVAILABLE",,,,,,,,,,,,
,"$$ER: 0904,NO DATA AVAILABLE",,,,,,,,,,,,
DE000STRA555(ENRRO13V),NA,NA,NA,NA,NA,NA,NA,NA,NA,NA,N   ,N   ,N   
,"$$ER: 9903,NO DATA AVAILABLE",,,,,,,,,,,,
,"$$ER: 0904,NO DATA AVAILABLE",,,,,,,,,,,,
,"$$ER: 0904,NO DATA AVAILABLE",,,,,,,,,,,,
DE000SYM9999(ENRRO13V),N   ,N   ,N   ,N   ,N   ,N   ,N   ,N   ,N   ,N   ,N   ,N   ,N   
,"$$ER: 9903,NO DATA AVAILABLE",,,,,,,,,,,,
DE000SYM9999(ENERDP091),NA,NA,NA,NA,NA,NA,NA,11400000,0,0,0,0,0
,"$$ER: 0904,NO DATA AVAILABLE",,,,,,,,,,,,
DE000UNSE018(ENRRO13V),NA,NA,NA,NA,NA,NA,NA,NA,N   ,N   ,N   ,N   ,N   
,"$$ER: 9903,NO DATA AVAILABLE",,,,,,,,,,,,
DE000UNSE018(ENERDP091),NA,NA,NA,NA,NA,NA,NA,NA,14000000,6000000,12000000,16000000,9000000
,"$$ER: 0904,NO DATA AVAILABLE",,,,,,,,,,,,
DE000WACK012(ENRRO13V),NA,NA,NA,NA,NA,NA,NA,NA,NA,NA,N   ,N   ,N   
,"$$ER: 9903,NO DATA AVAILABLE",,,,,,,,,,,,
,"$$ER: 0904,NO DATA AVAILABLE",,,,,,,,,,,,
,"$$ER: 0904,NO DATA AVAILABLE",,,,,,,,,,,,
DE000ZAL1111(ENRRO13V),NA,NA,NA,NA,NA,NA,NA,N   ,N   ,N   ,N   ,N   ,N   
,"$$ER: 9903,NO DATA AVAILABLE",,,,,,,,,,,,
,"$$ER: 0904,NO DATA AVAILABLE",,,,,,,,,,,,
,"$$ER: 0904,NO DATA AVAILABLE",,,,,,,,,,,,
DK0010181759(ENRRO13V),N   ,N   ,N   ,N   ,N   ,N   ,N   ,N   ,N   ,N   ,N   ,N   ,Y   
,"$$ER: 9903,NO DATA AVAILABLE",,,,,,,,,,,,
,"$$ER: 0904,NO DATA AVAILABLE",,,,,,,,,,,,
,"$$ER: 0904,NO DATA AVAILABLE",,,,,,,,,,,,
DK0010219153(ENRRO13V),N   ,N   ,N   ,N   ,N   ,N   ,N   ,N   ,N   ,N   ,N   ,N   ,N   
,"$$ER: 9903,NO DATA AVAILABLE",,,,,,,,,,,,
,"$$ER: 0904,NO DATA AVAILABLE",,,,,,,,,,,,
,"$$ER: 0904,NO DATA AVAILABLE",,,,,,,,,,,,
DK0010244508(ENRRO13V),N   ,N   ,N   ,N   ,N   ,N   ,N   ,N   ,N   ,N   ,N   ,N   ,N   
,"$$ER: 9903,NO DATA AVAILABLE",,,,,,,,,,,,
,"$$ER: 0904,NO DATA AVAILABLE",,,,,,,,,,,,
,"$$ER: 0904,NO DATA AVAILABLE",,,,,,,,,,,,
DK0010253921(ENRRO13V),NA,NA,NA,NA,NA,NA,NA,NA,NA,NA,N   ,N   ,N   
,"$$ER: 9903,NO DATA AVAILABLE",,,,,,,,,,,,
,"$$ER: 0904,NO DATA AVAILABLE",,,,,,,,,,,,
,"$$ER: 0904,NO DATA AVAILABLE",,,,,,,,,,,,
DK0010287234(ENRRO13V),N   ,N   ,N   ,N   ,N   ,N   ,N   ,N   ,N   ,N   ,N   ,N   ,N   
,"$$ER: 9903,NO DATA AVAILABLE",,,,,,,,,,,,
,"$$ER: 0904,NO DATA AVAILABLE",,,,,,,,,,,,
,"$$ER: 0904,NO DATA AVAILABLE",,,,,,,,,,,,
DK0060252690(ENRRO13V),NA,NA,N   ,N   ,N   ,N   ,N   ,N   ,N   ,N   ,N   ,N   ,N   
,"$$ER: 9903,NO DATA AVAILABLE",,,,,,,,,,,,
,"$$ER: 0904,NO DATA AVAILABLE",,,,,,,,,,,,
,"$$ER: 0904,NO DATA AVAILABLE",,,,,,,,,,,,
DK0060907293(ENRRO13V),NA,NA,NA,NA,NA,NA,NA,NA,NA,NA,N   ,N   ,N   
,"$$ER: 9903,NO DATA AVAILABLE",,,,,,,,,,,,
,"$$ER: 0904,NO DATA AVAILABLE",,,,,,,,,,,,
,"$$ER: 0904,NO DATA AVAILABLE",,,,,,,,,,,,
DK0061135753(ENRRO13V),NA,NA,NA,NA,NA,NA,NA,NA,NA,NA,NA,N   ,N   
,"$$ER: 9903,NO DATA AVAILABLE",,,,,,,,,,,,
,"$$ER: 0904,NO DATA AVAILABLE",,,,,,,,,,,,
,"$$ER: 0904,NO DATA AVAILABLE",,,,,,,,,,,,
DK0061277894(ENRRO13V),N   ,N   ,N   ,N   ,N   ,N   ,N   ,N   ,N   ,N   ,N   ,N   ,NA
,"$$ER: 9903,NO DATA AVAILABLE",,,,,,,,,,,,
,"$$ER: 0904,NO DATA AVAILABLE",,,,,,,,,,,,
,"$$ER: 0904,NO DATA AVAILABLE",,,,,,,,,,,,
DK0061412855(ENRRO13V),NA,NA,NA,NA,NA,NA,NA,NA,NA,NA,NA,N   ,N   
,"$$ER: 9903,NO DATA AVAILABLE",,,,,,,,,,,,
,"$$ER: 0904,NO DATA AVAILABLE",,,,,,,,,,,,
,"$$ER: 0904,NO DATA AVAILABLE",,,,,,,,,,,,
ES0105027009(ENRRO13V),NA,NA,NA,NA,NA,NA,NA,NA,NA,N   ,N   ,N   ,N   
,"$$ER: 9903,NO DATA AVAILABLE",,,,,,,,,,,,
,"$$ER: 0904,NO DATA AVAILABLE",,,,,,,,,,,,
,"$$ER: 0904,NO DATA AVAILABLE",,,,,,,,,,,,
ES0105223004(ENRRO13V),NA,NA,NA,NA,NA,NA,NA,NA,NA,N   ,N   ,N   ,N   
,"$$ER: 9903,NO DATA AVAILABLE",,,,,,,,,,,,
ES0105223004(ENERDP091),NA,NA,NA,NA,NA,NA,NA,NA,NA,6400000,1074000000,4907000000,1091000000
,"$$ER: 0904,NO DATA AVAILABLE",,,,,,,,,,,,
ES0116870314(ENRRO13V),N   ,N   ,N   ,N   ,N   ,N   ,N   ,N   ,N   ,N   ,N   ,N   ,N   
,"$$ER: 9903,NO DATA AVAILABLE",,,,,,,,,,,,
ES0116870314(ENERDP091),56578419.24,133800000,70980000,99200000,105000000,80000000,98000000,95000000,91000000,96000000,494000000,546000000,685000000
ES0116870314(ENPIDP023),NA,15390000,10820000,16270000,10600000,11140000,13440000,15620000,59200000,99000000,63300000,36000000,36750000
ES0130670112(ENRRO13V),N   ,N   ,Y   ,Y   ,Y   ,N   ,N   ,N   ,N   ,N   ,N   ,N   ,N   
ES0130670112(ENRRDP067),NA,NA,1,1,2,NA,NA,NA,NA,NA,NA,NA,NA
ES0130670112(ENERDP091),1220000000,70000000,1265000000,1408000000,212000000,216000000,231000000,183000000,188000000,210000000,180000000,292000000,418000000
,"$$ER: 0904,NO DATA AVAILABLE",,,,,,,,,,,,
ES0130960018(ENRRO13V),N   ,N   ,N   ,N   ,N   ,N   ,N   ,N   ,N   ,N   ,N   ,N   ,N   
,"$$ER: 9903,NO DATA AVAILABLE",,,,,,,,,,,,
ES0130960018(ENERDP091),55393600,35940170,39955330,24143610,23256477,10210000,10756000,30908000,12937000,7710000,6334000,12415000,13717000
ES0130960018(ENPIDP023),967382,969236,278495,279612,350019.42,601324,NA,NA,NA,NA,NA,NA,NA
ES0132945017(ENRRO13V),NA,NA,NA,NA,NA,NA,NA,NA,NA,NA,N   ,N   ,N   
,"$$ER: 9903,NO DATA AVAILABLE",,,,,,,,,,,,
,"$$ER: 0904,NO DATA AVAILABLE",,,,,,,,,,,,
,"$$ER: 0904,NO DATA AVAILABLE",,,,,,,,,,,,
ES0148396007(ENRRO13V),N   ,N   ,N   ,N   ,N   ,N   ,N   ,N   ,N   ,N   ,N   ,N   ,N   
,"$$ER: 9903,NO DATA AVAILABLE",,,,,,,,,,,,
,"$$ER: 0904,NO DATA AVAILABLE",,,,,,,,,,,,
,"$$ER: 0904,NO DATA AVAILABLE",,,,,,,,,,,,
ES0152503035(ENRRO13V),N   ,N   ,N   ,N   ,N   ,N   ,N   ,N   ,N   ,N   ,N   ,N   ,N   
,"$$ER: 9903,NO DATA AVAILABLE",,,,,,,,,,,,
ES0152503035(ENERDP091),NA,NA,NA,76215,0,0,122000,244124,553323,359000,225000,106000,29000
,"$$ER: 0904,NO DATA AVAILABLE",,,,,,,,,,,,
ES0161560018(ENRRO13V),N   ,N   ,N   ,N   ,N   ,N   ,N   ,N   ,N   ,N   ,N   ,N   ,N   
,"$$ER: 9903,NO DATA AVAILABLE",,,,,,,,,,,,
ES0161560018(ENERDP091),NA,NA,3001279,3992688.98,NA,NA,NA,NA,NA,NA,6900000,6300000,3000000
,"$$ER: 0904,NO DATA AVAILABLE",,,,,,,,,,,,
ES0164180012(ENRRO13V),NA,NA,NA,NA,NA,NA,NA,NA,NA,NA,N   ,N   ,N   
,"$$ER: 9903,NO DATA AVAILABLE",,,,,,,,,,,,
ES0164180012(ENERDP091),NA,NA,NA,NA,NA,NA,NA,NA,NA,NA,5200000,9200000,NA
,"$$ER: 0904,NO DATA AVAILABLE",,,,,,,,,,,,
ES0171996087(ENRRO13V),N   ,N   ,N   ,N   ,N   ,N   ,N   ,N   ,N   ,N   ,N   ,N   ,N   
,"$$ER: 9903,NO DATA AVAILABLE",,,,,,,,,,,,
ES0171996087(ENERDP091),2074833,3742567,5555412,17385766,16475976,16490712,16464008,17694300,17850000,22048843,18232700,21750800,23245100
,"$$ER: 0904,NO DATA AVAILABLE",,,,,,,,,,,,
ES0173516115(ENRRO13V),N   ,N   ,N   ,N   ,N   ,N   ,N   ,N   ,Y   ,N   ,N   ,N   ,Y   
ES0173516115(ENRRDP067),NA,NA,NA,NA,NA,NA,NA,NA,1,NA,NA,NA,NA
ES0173516115(ENERDP091),408000000,392000000,275000000,769000000,237000000,200000000,234000000,357800000,219000000,240000000,265000000,156000000,371000000
,"$$ER: 0904,NO DATA AVAILABLE",,,,,,,,,,,,
ES0175438003(ENRRO13V),NA,NA,NA,NA,N   ,N   ,N   ,N   ,N   ,N   ,N   ,N   ,N   
,"$$ER: 9903,NO DATA AVAILABLE",,,,,,,,,,,,
ES0175438003(ENERDP091),NA,NA,NA,NA,241300,1402750,9134550,335100,662300,NA,NA,NA,NA
,"$$ER: 0904,NO DATA AVAILABLE",,,,,,,,,,,,
ES0178165017(ENRRO13V),NA,NA,N   ,N   ,N   ,N   ,N   ,N   ,N   ,N   ,N   ,N   ,NA
,"$$ER: 9903,NO DATA AVAILABLE",,,,,,,,,,,,
,"$$ER: 0904,NO DATA AVAILABLE",,,,,,,,,,,,
,"$$ER: 0904,NO DATA AVAILABLE",,,,,,,,,,,,
ES0180918015(ENRRO13V),NA,NA,NA,NA,NA,NA,NA,NA,NA,NA,NA,N   ,N   
,"$$ER: 9903,NO DATA AVAILABLE",,,,,,,,,,,,
,"$$ER: 0904,NO DATA AVAILABLE",,,,,,,,,,,,
,"$$ER: 0904,NO DATA AVAILABLE",,,,,,,,,,,,
ES0182870214(ENRRO13V),N   ,N   ,N   ,N   ,N   ,N   ,N   ,N   ,N   ,N   ,N   ,N   ,N   
,"$$ER: 9903,NO DATA AVAILABLE",,,,,,,,,,,,
ES0182870214(ENERDP091),NA,NA,7193732.31,29726944.63,8581994.74,12294923.85,13589657,17526885.53,21245600,17288717.92,20369000,26408100,34192600
,"$$ER: 0904,NO DATA AVAILABLE",,,,,,,,,,,,
FI0009000202(ENRRO13V),N   ,N   ,N   ,N   ,N   ,N   ,N   ,N   ,N   ,N   ,N   ,N   ,N   
,"$$ER: 9903,NO DATA AVAILABLE",,,,,,,,,,,,
,"$$ER: 0904,NO DATA AVAILABLE",,,,,,,,,,,,
,"$$ER: 0904,NO DATA AVAILABLE",,,,,,,,,,,,
FI0009000400(ENRRO13V),NA,NA,NA,NA,NA,NA,NA,NA,NA,NA,NA,NA,N   
,"$$ER: 9903,NO DATA AVAILABLE",,,,,,,,,,,,
,"$$ER: 0904,NO DATA AVAILABLE",,,,,,,,,,,,
,"$$ER: 0904,NO DATA AVAILABLE",,,,,,,,,,,,
FI0009003727(ENRRO13V),N   ,N   ,N   ,N   ,N   ,N   ,N   ,N   ,N   ,N   ,N   ,N   ,N   
,"$$ER: 9903,NO DATA AVAILABLE",,,,,,,,,,,,
FI0009003727(ENERDP091),8000000,5300000,8400000,7000000,7100000,5700000,6700000,5100000,4700000,7800000,4600000,4800000,6100000
FI0009003727(ENPIDP023),NA,NA,NA,162000000,188000000,185000000,139000000,132000000,131000000,141000000,165000000,164000000,153000000
FI0009004824(ENRRO13V),NA,N   ,N   ,N   ,N   ,N   ,N   ,N   ,N   ,N   ,N   ,N   ,N   
,"$$ER: 9903,NO DATA AVAILABLE",,,,,,,,,,,,
FI0009004824(ENERDP091),NA,17200000,15700000,16300000,17600000,13200000,14100000,19800000,29100000,22400000,20736000,NA,NA
,"$$ER: 0904,NO DATA AVAILABLE",,,,,,,,,,,,
FI0009005318(ENRRO13V),N   ,N   ,N   ,N   ,N   ,N   ,N   ,N   ,N   ,N   ,N   ,N   ,N   
,"$$ER: 9903,NO DATA AVAILABLE",,,,,,,,,,,,
FI0009005318(ENERDP091),NA,NA,NA,NA,NA,2457000,2206400,1749000,550000,300000,1450000,1815000,1550000
,"$$ER: 0904,NO DATA AVAILABLE",,,,,,,,,,,,
FI0009007132(ENRRO13V),N   ,N   ,N   ,N   ,N   ,N   ,N   ,N   ,N   ,N   ,N   ,N   ,N   
,"$$ER: 9903,NO DATA AVAILABLE",,,,,,,,,,,,
FI0009007132(ENERDP091),NA,NA,NA,NA,51100000,2000000,0,NA,NA,0,0,0,13000000
FI0009007132(ENPIDP023),NA,NA,NA,NA,24700000,23100000,41000000,47000000,52000000,53000000,56000000,67000000,56000000
FI0009013403(ENRRO13V),N   ,N   ,N   ,N   ,N   ,N   ,N   ,N   ,N   ,N   ,N   ,N   ,N   
,"$$ER: 9903,NO DATA AVAILABLE",,,,,,,,,,,,
,"$$ER: 0904,NO DATA AVAILABLE",,,,,,,,,,,,
,"$$ER: 0904,NO DATA AVAILABLE",,,,,,,,,,,,
FI0009013429(ENRRO13V),N   ,N   ,N   ,N   ,N   ,N   ,N   ,N   ,N   ,N   ,N   ,N   ,N   
,"$$ER: 9903,NO DATA AVAILABLE",,,,,,,,,,,,
,"$$ER: 0904,NO DATA AVAILABLE",,,,,,,,,,,,
FI0009013429(ENPIDP023),NA,NA,NA,NA,NA,NA,NA,NA,NA,NA,89000000,102000000,105000000
FI4000197934(ENRRO13V),NA,NA,NA,NA,NA,NA,NA,NA,NA,NA,N   ,N   ,N   
,"$$ER: 9903,NO DATA AVAILABLE",,,,,,,,,,,,
,"$$ER: 0904,NO DATA AVAILABLE",,,,,,,,,,,,
,"$$ER: 0904,NO DATA AVAILABLE",,,,,,,,,,,,
FI4000292438(ENRRO13V),NA,NA,NA,NA,NA,NA,NA,NA,NA,NA,NA,N   ,N   
,"$$ER: 9903,NO DATA AVAILABLE",,,,,,,,,,,,
,"$$ER: 0904,NO DATA AVAILABLE",,,,,,,,,,,,
,"$$ER: 0904,NO DATA AVAILABLE",,,,,,,,,,,,
FR0000032526(ENRRO13V),NA,NA,NA,NA,NA,NA,NA,NA,NA,NA,N   ,N   ,N   
,"$$ER: 9903,NO DATA AVAILABLE",,,,,,,,,,,,
,"$$ER: 0904,NO DATA AVAILABLE",,,,,,,,,,,,
,"$$ER: 0904,NO DATA AVAILABLE",,,,,,,,,,,,
FR0000039109(ENRRO13V),N   ,N   ,N   ,N   ,N   ,N   ,N   ,N   ,N   ,N   ,N   ,N   ,N   
,"$$ER: 9903,NO DATA AVAILABLE",,,,,,,,,,,,
FR0000039109(ENERDP091),20148000,6347000,2345000,4634000,4229000,4107000,2086000,7421000,7129000,3510000,6757000,1116000,2351000
FR0000039109(ENPIDP023),NA,0,0,0,0,0,0,37000,NA,28000,NA,NA,NA
FR0000039299(ENRRO13V),N   ,N   ,N   ,N   ,N   ,N   ,N   ,N   ,N   ,N   ,N   ,N   ,N   
,"$$ER: 9903,NO DATA AVAILABLE",,,,,,,,,,,,
FR0000039299(ENERDP091),17000,146000,424000,562000,19365000,22706000,12229000,17487000,22132000,NA,NA,NA,NA
FR0000039299(ENPIDP023),0,0,NA,NA,NA,NA,NA,NA,NA,NA,NA,NA,NA
FR0000044448(ENRRO13V),N   ,N   ,N   ,N   ,N   ,N   ,N   ,N   ,N   ,N   ,N   ,N   ,N   
,"$$ER: 9903,NO DATA AVAILABLE",,,,,,,,,,,,
FR0000044448(ENERDP091),7500000,7100000,10100000,11006000,6940000,6600000,9900000,7600000,7400000,7500000,8400000,12500000,6200000
,"$$ER: 0904,NO DATA AVAILABLE",,,,,,,,,,,,
FR0000050353(ENRRO13V),NA,NA,NA,NA,NA,NA,NA,NA,NA,NA,N   ,N   ,N   
,"$$ER: 9903,NO DATA AVAILABLE",,,,,,,,,,,,
,"$$ER: 0904,NO DATA AVAILABLE",,,,,,,,,,,,
,"$$ER: 0904,NO DATA AVAILABLE",,,,,,,,,,,,
FR0000051732(ENRRO13V),N   ,N   ,N   ,N   ,N   ,N   ,N   ,N   ,N   ,N   ,N   ,N   ,N   
,"$$ER: 9903,NO DATA AVAILABLE",,,,,,,,,,,,
,"$$ER: 0904,NO DATA AVAILABLE",,,,,,,,,,,,
,"$$ER: 0904,NO DATA AVAILABLE",,,,,,,,,,,,
FR0000051807(ENRRO13V),N   ,N   ,N   ,N   ,N   ,N   ,N   ,N   ,N   ,N   ,N   ,N   ,N   
,"$$ER: 9903,NO DATA AVAILABLE",,,,,,,,,,,,
,"$$ER: 0904,NO DATA AVAILABLE",,,,,,,,,,,,
,"$$ER: 0904,NO DATA AVAILABLE",,,,,,,,,,,,
FR0000052516(ENRRO13V),NA,NA,NA,NA,NA,NA,NA,NA,NA,NA,N   ,N   ,N   
,"$$ER: 9903,NO DATA AVAILABLE",,,,,,,,,,,,
,"$$ER: 0904,NO DATA AVAILABLE",,,,,,,,,,,,
,"$$ER: 0904,NO DATA AVAILABLE",,,,,,,,,,,,
FR0000054900(ENRRO13V),N   ,N   ,N   ,N   ,N   ,N   ,N   ,N   ,N   ,N   ,N   ,N   ,N   
,"$$ER: 9903,NO DATA AVAILABLE",,,,,,,,,,,,
FR0000054900(ENERDP091),NA,NA,NA,NA,NA,NA,10000,10000,10000,NA,5000,5000,NA
,"$$ER: 0904,NO DATA AVAILABLE",,,,,,,,,,,,
FR0000061129(ENRRO13V),NA,NA,NA,NA,NA,NA,NA,NA,NA,NA,N   ,N   ,N   
,"$$ER: 9903,NO DATA AVAILABLE",,,,,,,,,,,,
,"$$ER: 0904,NO DATA AVAILABLE",,,,,,,,,,,,
,"$$ER: 0904,NO DATA AVAILABLE",,,,,,,,,,,,
FR0000066755(ENRRO13V),NA,NA,NA,NA,NA,NA,NA,NA,NA,NA,N   ,N   ,N   
,"$$ER: 9903,NO DATA AVAILABLE",,,,,,,,,,,,
,"$$ER: 0904,NO DATA AVAILABLE",,,,,,,,,,,,
,"$$ER: 0904,NO DATA AVAILABLE",,,,,,,,,,,,
FR0000074148(ENRRO13V),NA,NA,NA,NA,NA,NA,NA,NA,NA,NA,N   ,N   ,NA
,"$$ER: 9903,NO DATA AVAILABLE",,,,,,,,,,,,
,"$$ER: 0904,NO DATA AVAILABLE",,,,,,,,,,,,
,"$$ER: 0904,NO DATA AVAILABLE",,,,,,,,,,,,
FR0000077919(ENRRO13V),N   ,N   ,N   ,N   ,N   ,N   ,N   ,N   ,N   ,N   ,N   ,N   ,N   
,"$$ER: 9903,NO DATA AVAILABLE",,,,,,,,,,,,
,"$$ER: 0904,NO DATA AVAILABLE",,,,,,,,,,,,
,"$$ER: 0904,NO DATA AVAILABLE",,,,,,,,,,,,
FR0000120271(ENRRO13V),N   ,N   ,Y   ,N   ,N   ,N   ,Y   ,N   ,N   ,N   ,Y   ,Y   ,Y   
FR0000120271(ENRRDP067),NA,NA,1,NA,NA,NA,1,NA,NA,NA,1,4,NA
,"$$ER: 0904,NO DATA AVAILABLE",,,,,,,,,,,,
,"$$ER: 0904,NO DATA AVAILABLE",,,,,,,,,,,,
FR0000120644(ENRRO13V),N   ,N   ,N   ,N   ,N   ,N   ,N   ,N   ,N   ,N   ,N   ,N   ,N   
,"$$ER: 9903,NO DATA AVAILABLE",,,,,,,,,,,,
FR0000120644(ENERDP091),91259000,92590000,142160000,151965000,155941000,141801000,132000000,139000000,141000000,147000000,154000000,144000000,NA
,"$$ER: 0904,NO DATA AVAILABLE",,,,,,,,,,,,
FR0000120693(ENRRO13V),N   ,N   ,N   ,N   ,N   ,N   ,N   ,N   ,N   ,N   ,N   ,N   ,N   
,"$$ER: 9903,NO DATA AVAILABLE",,,,,,,,,,,,
FR0000120693(ENERDP091),NA,NA,7300000,8320000,12600000,14480000,18170000,14890000,11690000,14000000,10000000,NA,NA
,"$$ER: 0904,NO DATA AVAILABLE",,,,,,,,,,,,
FR0000120966(ENRRO13V),N   ,N   ,N   ,N   ,N   ,N   ,N   ,N   ,N   ,N   ,N   ,N   ,N   
,"$$ER: 9903,NO DATA AVAILABLE",,,,,,,,,,,,
FR0000120966(ENERDP091),4700000,1100000,1800000,3600000,6500000,4500000,3800000,4800000,6100000,4300000,NA,NA,NA
,"$$ER: 0904,NO DATA AVAILABLE",,,,,,,,,,,,
FR0000121014(ENRRO13V),N   ,N   ,N   ,N   ,N   ,N   ,N   ,N   ,N   ,N   ,N   ,N   ,N   
,"$$ER: 9903,NO DATA AVAILABLE",,,,,,,,,,,,
FR0000121014(ENERDP091),12200000,7900000,12900000,15600000,16100000,17300000,16600000,23300000,23800000,35000000,38800000,26600000,34800000
,"$$ER: 0904,NO DATA AVAILABLE",,,,,,,,,,,,
FR0000121147(ENRRO13V),NA,NA,N   ,N   ,N   ,N   ,N   ,N   ,N   ,N   ,N   ,N   ,N   
,"$$ER: 9903,NO DATA AVAILABLE",,,,,,,,,,,,
FR0000121147(ENERDP091),NA,NA,12855000,7400000,12600000,13854000,17290000,17000000,2435000,5971459,10660281,10700000,13500000
,"$$ER: 0904,NO DATA AVAILABLE",,,,,,,,,,,,
FR0000121485(ENRRO13V),N   ,N   ,N   ,N   ,N   ,N   ,N   ,N   ,N   ,N   ,N   ,N   ,N   
,"$$ER: 9903,NO DATA AVAILABLE",,,,,,,,,,,,
,"$$ER: 0904,NO DATA AVAILABLE",,,,,,,,,,,,
,"$$ER: 0904,NO DATA AVAILABLE",,,,,,,,,,,,
FR0000124141(ENRRO13V),N   ,N   ,Y   ,N   ,N   ,N   ,N   ,N   ,Y   ,N   ,N   ,N   ,N   
FR0000124141(ENRRDP067),NA,NA,1,NA,NA,NA,NA,NA,1,NA,NA,NA,NA
FR0000124141(ENERDP091),NA,NA,NA,NA,NA,38500000,39500000,44200000,42400000,34300000,29600000,35500000,28400000
FR0000124141(ENPIDP023),NA,NA,NA,NA,NA,NA,NA,NA,NA,NA,NA,54200000,56000000
FR0000124570(ENRRO13V),NA,NA,NA,NA,NA,NA,NA,N   ,N   ,N   ,N   ,N   ,N   
,"$$ER: 9903,NO DATA AVAILABLE",,,,,,,,,,,,
FR0000124570(ENERDP091),NA,NA,NA,NA,NA,NA,NA,26100000,24200000,27200000,NA,NA,NA
,"$$ER: 0904,NO DATA AVAILABLE",,,,,,,,,,,,
FR0000125486(ENRRO13V),N   ,N   ,N   ,N   ,N   ,N   ,N   ,N   ,N   ,N   ,N   ,N   ,N   
,"$$ER: 9903,NO DATA AVAILABLE",,,,,,,,,,,,
FR0000125486(ENERDP091),NA,NA,NA,NA,NA,NA,91300000,92330000,123370000,177380000,NA,NA,NA
,"$$ER: 0904,NO DATA AVAILABLE",,,,,,,,,,,,
FR0000125585(ENRRO13V),N   ,N   ,N   ,N   ,N   ,N   ,N   ,N   ,N   ,N   ,N   ,N   ,Y   
,"$$ER: 9903,NO DATA AVAILABLE",,,,,,,,,,,,
FR0000125585(ENERDP091),6265778,5202712,4165982,7503983,NA,NA,NA,NA,NA,NA,NA,NA,NA
,"$$ER: 0904,NO DATA AVAILABLE",,,,,,,,,,,,
FR0000130403(ENRRO13V),N   ,N   ,N   ,N   ,N   ,N   ,N   ,N   ,N   ,N   ,N   ,N   ,N   
,"$$ER: 9903,NO DATA AVAILABLE",,,,,,,,,,,,
FR0000130403(ENERDP091),12400000,8000000,13100000,15800000,5300000,19900000,17500000,16800000,23600000,35000000,38800000,26600000,34800000
,"$$ER: 0904,NO DATA AVAILABLE",,,,,,,,,,,,
FR0000131906(ENRRO13V),N   ,N   ,N   ,N   ,N   ,N   ,N   ,Y   ,Y   ,Y   ,N   ,N   ,Y   
FR0000131906(ENRRDP067),NA,NA,NA,NA,NA,NA,NA,1,6,2,NA,NA,NA
,"$$ER: 0904,NO DATA AVAILABLE",,,,,,,,,,,,
,"$$ER: 0904,NO DATA AVAILABLE",,,,,,,,,,,,
FR0004035913(ENRRO13V),N   ,N   ,N   ,N   ,N   ,N   ,N   ,N   ,N   ,N   ,N   ,N   ,N   
,"$$ER: 9903,NO DATA AVAILABLE",,,,,,,,,,,,
,"$$ER: 0904,NO DATA AVAILABLE",,,,,,,,,,,,
,"$$ER: 0904,NO DATA AVAILABLE",,,,,,,,,,,,
FR0004180537(ENRRO13V),NA,NA,NA,NA,NA,NA,NA,NA,NA,NA,N   ,N   ,N   
,"$$ER: 9903,NO DATA AVAILABLE",,,,,,,,,,,,
,"$$ER: 0904,NO DATA AVAILABLE",,,,,,,,,,,,
,"$$ER: 0904,NO DATA AVAILABLE",,,,,,,,,,,,
FR0010208488(ENRRO13V),N   ,N   ,N   ,N   ,Y   ,N   ,N   ,Y   ,Y   ,N   ,Y   ,N   ,N   
FR0010208488(ENRRDP067),NA,NA,NA,NA,1,NA,NA,1,1,NA,1,NA,NA
FR0010208488(ENERDP091),4404339000,2847780000,5690150000,1917600000,5875150000,1153060000,1008110000,634722000,644415000,396731000,406428000,466365000,553019000
,"$$ER: 0904,NO DATA AVAILABLE",,,,,,,,,,,,
FR0010313833(ENRRO13V),N   ,N   ,N   ,N   ,N   ,N   ,N   ,N   ,N   ,Y   ,Y   ,N   ,N   
FR0010313833(ENRRDP067),NA,NA,NA,NA,NA,NA,NA,NA,NA,1,1,NA,NA
FR0010313833(ENERDP091),NA,NA,54000000,24000000,9000000,43000000,55000000,32000000,28000000,25000000,27000000,31000000,42000000
,"$$ER: 0904,NO DATA AVAILABLE",,,,,,,,,,,,
FR0010451203(ENRRO13V),NA,NA,N   ,N   ,N   ,N   ,N   ,N   ,N   ,N   ,N   ,N   ,N   
,"$$ER: 9903,NO DATA AVAILABLE",,,,,,,,,,,,
,"$$ER: 0904,NO DATA AVAILABLE",,,,,,,,,,,,
,"$$ER: 0904,NO DATA AVAILABLE",,,,,,,,,,,,
FR0010929125(ENRRO13V),NA,NA,NA,NA,NA,NA,NA,NA,NA,NA,N   ,N   ,N   
,"$$ER: 9903,NO DATA AVAILABLE",,,,,,,,,,,,
,"$$ER: 0904,NO DATA AVAILABLE",,,,,,,,,,,,
,"$$ER: 0904,NO DATA AVAILABLE",,,,,,,,,,,,
FR0011950732(ENRRO13V),NA,NA,NA,NA,NA,NA,NA,N   ,N   ,N   ,N   ,N   ,N   
,"$$ER: 9903,NO DATA AVAILABLE",,,,,,,,,,,,
,"$$ER: 0904,NO DATA AVAILABLE",,,,,,,,,,,,
,"$$ER: 0904,NO DATA AVAILABLE",,,,,,,,,,,,
FR0013227113(ENRRO13V),NA,NA,NA,NA,NA,NA,NA,NA,NA,NA,N   ,N   ,N   
,"$$ER: 9903,NO DATA AVAILABLE",,,,,,,,,,,,
,"$$ER: 0904,NO DATA AVAILABLE",,,,,,,,,,,,
,"$$ER: 0904,NO DATA AVAILABLE",,,,,,,,,,,,
FR0013447729(ENRRO13V),NA,NA,NA,NA,NA,NA,NA,NA,NA,NA,NA,N   ,N   
,"$$ER: 9903,NO DATA AVAILABLE",,,,,,,,,,,,
,"$$ER: 0904,NO DATA AVAILABLE",,,,,,,,,,,,
,"$$ER: 0904,NO DATA AVAILABLE",,,,,,,,,,,,
FR0013506730(ENRRO13V),N   ,N   ,N   ,N   ,N   ,N   ,N   ,N   ,N   ,N   ,N   ,N   ,N   
,"$$ER: 9903,NO DATA AVAILABLE",,,,,,,,,,,,
FR0013506730(ENERDP091),28400000,2495000,150000,77000,45000,42000,18000,0,8000,5000,72000,NA,NA
,"$$ER: 0904,NO DATA AVAILABLE",,,,,,,,,,,,
FR0014000MR3(ENRRO13V),NA,NA,NA,NA,NA,NA,N   ,N   ,N   ,N   ,N   ,N   ,N   
,"$$ER: 9903,NO DATA AVAILABLE",,,,,,,,,,,,
,"$$ER: 0904,NO DATA AVAILABLE",,,,,,,,,,,,
,"$$ER: 0904,NO DATA AVAILABLE",,,,,,,,,,,,
FR0014003TT8(ENRRO13V),N   ,N   ,N   ,N   ,N   ,N   ,N   ,N   ,N   ,N   ,N   ,N   ,N   
,"$$ER: 9903,NO DATA AVAILABLE",,,,,,,,,,,,
FR0014003TT8(ENERDP091),NA,NA,0,0,0,0,0,0,NA,NA,NA,NA,NA
,"$$ER: 0904,NO DATA AVAILABLE",,,,,,,,,,,,
FR0014004L86(ENRRO13V),NA,NA,NA,NA,NA,NA,NA,N   ,N   ,N   ,N   ,N   ,N   
,"$$ER: 9903,NO DATA AVAILABLE",,,,,,,,,,,,
,"$$ER: 0904,NO DATA AVAILABLE",,,,,,,,,,,,
,"$$ER: 0904,NO DATA AVAILABLE",,,,,,,,,,,,
GRS145003000(ENRRO13V),NA,NA,NA,NA,NA,NA,NA,NA,NA,N   ,N   ,N   ,N   
,"$$ER: 9903,NO DATA AVAILABLE",,,,,,,,,,,,
,"$$ER: 0904,NO DATA AVAILABLE",,,,,,,,,,,,
,"$$ER: 0904,NO DATA AVAILABLE",,,,,,,,,,,,
GRS191213008(ENRRO13V),N   ,N   ,N   ,N   ,N   ,N   ,N   ,N   ,N   ,N   ,N   ,N   ,N   
,"$$ER: 9903,NO DATA AVAILABLE",,,,,,,,,,,,
,"$$ER: 0904,NO DATA AVAILABLE",,,,,,,,,,,,
,"$$ER: 0904,NO DATA AVAILABLE",,,,,,,,,,,,
GRS204003008(ENRRO13V),NA,NA,NA,NA,NA,NA,NA,NA,NA,NA,N   ,N   ,N   
,"$$ER: 9903,NO DATA AVAILABLE",,,,,,,,,,,,
,"$$ER: 0904,NO DATA AVAILABLE",,,,,,,,,,,,
,"$$ER: 0904,NO DATA AVAILABLE",,,,,,,,,,,,
GRS419003009(ENRRO13V),N   ,N   ,N   ,N   ,N   ,N   ,N   ,N   ,N   ,N   ,N   ,N   ,N   
,"$$ER: 9903,NO DATA AVAILABLE",,,,,,,,,,,,
GRS419003009(ENERDP091),240000,NA,NA,NA,170000,NA,NA,NA,NA,NA,NA,NA,NA
,"$$ER: 0904,NO DATA AVAILABLE",,,,,,,,,,,,
GRS426003000(ENRRO13V),N   ,N   ,N   ,N   ,N   ,N   ,N   ,N   ,N   ,N   ,N   ,N   ,N   
,"$$ER: 9903,NO DATA AVAILABLE",,,,,,,,,,,,
GRS426003000(ENERDP091),20700000,32000000,37600000,40100000,19700000,22700000,15500000,14100000,24000000,23600000,26100000,31200000,116000000
,"$$ER: 0904,NO DATA AVAILABLE",,,,,,,,,,,,
GRS495003006(ENRRO13V),NA,NA,NA,NA,NA,NA,NA,NA,NA,N   ,N   ,N   ,N   
,"$$ER: 9903,NO DATA AVAILABLE",,,,,,,,,,,,
,"$$ER: 0904,NO DATA AVAILABLE",,,,,,,,,,,,
,"$$ER: 0904,NO DATA AVAILABLE",,,,,,,,,,,,
GRS496003005(ENRRO13V),NA,NA,NA,NA,NA,NA,NA,NA,NA,N   ,N   ,N   ,N   
,"$$ER: 9903,NO DATA AVAILABLE",,,,,,,,,,,,
GRS496003005(ENERDP091),NA,NA,NA,NA,NA,NA,NA,NA,NA,432967,NA,NA,NA
,"$$ER: 0904,NO DATA AVAILABLE",,,,,,,,,,,,
HU0000073507(ENRRO13V),NA,N   ,N   ,N   ,N   ,N   ,N   ,N   ,N   ,N   ,N   ,N   ,N   
,"$$ER: 9903,NO DATA AVAILABLE",,,,,,,,,,,,
HU0000073507(ENERDP091),NA,387000000,302000000,502262630,837990675,804884000,796002460,525611000,470678000,307645000,401254000,NA,NA
,"$$ER: 0904,NO DATA AVAILABLE",,,,,,,,,,,,
HU0000153937(ENRRO13V),N   ,N   ,N   ,N   ,N   ,N   ,N   ,N   ,N   ,N   ,N   ,N   ,N   
,"$$ER: 9903,NO DATA AVAILABLE",,,,,,,,,,,,
HU0000153937(ENERDP091),25764910000,18145800000,24362700000,19156710000,16509000000,7570000000,5616000000,5829000000,5755000000,6436000000,NA,NA,NA
,"$$ER: 0904,NO DATA AVAILABLE",,,,,,,,,,,,
IE0000669501(ENRRO13V),NA,NA,NA,NA,N   ,N   ,N   ,N   ,N   ,N   ,N   ,N   ,NA
,"$$ER: 9903,NO DATA AVAILABLE",,,,,,,,,,,,
,"$$ER: 0904,NO DATA AVAILABLE",,,,,,,,,,,,
,"$$ER: 0904,NO DATA AVAILABLE",,,,,,,,,,,,
IE0003864109(ENRRO13V),N   ,N   ,N   ,N   ,N   ,N   ,N   ,N   ,N   ,N   ,N   ,N   ,N   
,"$$ER: 9903,NO DATA AVAILABLE",,,,,,,,,,,,
,"$$ER: 0904,NO DATA AVAILABLE",,,,,,,,,,,,
,"$$ER: 0904,NO DATA AVAILABLE",,,,,,,,,,,,
IE0004906560(ENRRO13V),N   ,N   ,N   ,N   ,N   ,N   ,N   ,N   ,N   ,N   ,N   ,N   ,N   
,"$$ER: 9903,NO DATA AVAILABLE",,,,,,,,,,,,
,"$$ER: 0904,NO DATA AVAILABLE",,,,,,,,,,,,
,"$$ER: 0904,NO DATA AVAILABLE",,,,,,,,,,,,
IE0005711209(ENRRO13V),NA,NA,NA,NA,NA,NA,NA,NA,NA,NA,N   ,N   ,N   
,"$$ER: 9903,NO DATA AVAILABLE",,,,,,,,,,,,
,"$$ER: 0904,NO DATA AVAILABLE",,,,,,,,,,,,
,"$$ER: 0904,NO DATA AVAILABLE",,,,,,,,,,,,
IE00B1WV4493(ENRRO13V),NA,NA,NA,NA,NA,NA,NA,NA,NA,NA,NA,N   ,N   
,"$$ER: 9903,NO DATA AVAILABLE",,,,,,,,,,,,
,"$$ER: 0904,NO DATA AVAILABLE",,,,,,,,,,,,
,"$$ER: 0904,NO DATA AVAILABLE",,,,,,,,,,,,
IE00BD6JX574(ENRRO13V),NA,NA,NA,NA,NA,NA,NA,NA,NA,NA,N   ,N   ,N   
,"$$ER: 9903,NO DATA AVAILABLE",,,,,,,,,,,,
,"$$ER: 0904,NO DATA AVAILABLE",,,,,,,,,,,,
,"$$ER: 0904,NO DATA AVAILABLE",,,,,,,,,,,,
IT0000070786(ENRRO13V),NA,NA,NA,NA,NA,NA,NA,NA,NA,N   ,N   ,N   ,N   
,"$$ER: 9903,NO DATA AVAILABLE",,,,,,,,,,,,
,"$$ER: 0904,NO DATA AVAILABLE",,,,,,,,,,,,
,"$$ER: 0904,NO DATA AVAILABLE",,,,,,,,,,,,
IT0001137345(ENRRO13V),N   ,N   ,N   ,N   ,N   ,N   ,N   ,N   ,N   ,N   ,N   ,N   ,N   
,"$$ER: 9903,NO DATA AVAILABLE",,,,,,,,,,,,
,"$$ER: 0904,NO DATA AVAILABLE",,,,,,,,,,,,
,"$$ER: 0904,NO DATA AVAILABLE",,,,,,,,,,,,
IT0001157020(ENRRO13V),NA,NA,NA,NA,NA,NA,NA,NA,NA,N   ,N   ,N   ,N   
,"$$ER: 9903,NO DATA AVAILABLE",,,,,,,,,,,,
,"$$ER: 0904,NO DATA AVAILABLE",,,,,,,,,,,,
,"$$ER: 0904,NO DATA AVAILABLE",,,,,,,,,,,,
IT0001207098(ENRRO13V),N   ,N   ,N   ,N   ,N   ,N   ,N   ,N   ,N   ,N   ,N   ,N   ,N   
,"$$ER: 9903,NO DATA AVAILABLE",,,,,,,,,,,,
IT0001207098(ENERDP091),NA,NA,69510000,100220000,58720000,40440000,43250000,44410000,36090000,NA,NA,NA,NA
,"$$ER: 0904,NO DATA AVAILABLE",,,,,,,,,,,,
IT0001250932(ENRRO13V),N   ,N   ,N   ,N   ,N   ,N   ,N   ,N   ,N   ,N   ,N   ,N   ,N   
,"$$ER: 9903,NO DATA AVAILABLE",,,,,,,,,,,,
IT0001250932(ENERDP091),NA,392592000,386774000,371500000,365300000,431100000,573300000,663400000,208600000,232300000,NA,NA,152400000
,"$$ER: 0904,NO DATA AVAILABLE",,,,,,,,,,,,
IT0001469383(ENRRO13V),N   ,N   ,N   ,N   ,N   ,N   ,N   ,N   ,N   ,N   ,N   ,N   ,N   
,"$$ER: 9903,NO DATA AVAILABLE",,,,,,,,,,,,
,"$$ER: 0904,NO DATA AVAILABLE",,,,,,,,,,,,
,"$$ER: 0904,NO DATA AVAILABLE",,,,,,,,,,,,
IT0003242622(ENRRO13V),N   ,N   ,N   ,N   ,N   ,N   ,N   ,N   ,N   ,N   ,N   ,N   ,N   
,"$$ER: 9903,NO DATA AVAILABLE",,,,,,,,,,,,
IT0003242622(ENERDP091),NA,51600000,47100000,34100000,38500000,44000000,52900000,39700000,48900000,45300000,43400000,47300000,49100000
,"$$ER: 0904,NO DATA AVAILABLE",,,,,,,,,,,,
IT0003865570(ENRRO13V),NA,NA,NA,NA,NA,NA,NA,NA,NA,NA,N   ,N   ,N   
,"$$ER: 9903,NO DATA AVAILABLE",,,,,,,,,,,,
,"$$ER: 0904,NO DATA AVAILABLE",,,,,,,,,,,,
,"$$ER: 0904,NO DATA AVAILABLE",,,,,,,,,,,,
IT0004056880(ENRRO13V),NA,NA,NA,NA,NA,NA,NA,NA,NA,N   ,N   ,N   ,N   
,"$$ER: 9903,NO DATA AVAILABLE",,,,,,,,,,,,
,"$$ER: 0904,NO DATA AVAILABLE",,,,,,,,,,,,
,"$$ER: 0904,NO DATA AVAILABLE",,,,,,,,,,,,
IT0004171440(ENRRO13V),NA,NA,NA,NA,NA,NA,NA,NA,NA,NA,N   ,N   ,N   
,"$$ER: 9903,NO DATA AVAILABLE",,,,,,,,,,,,
,"$$ER: 0904,NO DATA AVAILABLE",,,,,,,,,,,,
,"$$ER: 0904,NO DATA AVAILABLE",,,,,,,,,,,,
IT0004176001(ENRRO13V),N   ,N   ,N   ,N   ,N   ,N   ,N   ,N   ,N   ,N   ,N   ,N   ,N   
,"$$ER: 9903,NO DATA AVAILABLE",,,,,,,,,,,,
IT0004176001(ENERDP091),NA,3000000,4500000,5000000,3000000,3000000,0,0,NA,NA,NA,NA,NA
,"$$ER: 0904,NO DATA AVAILABLE",,,,,,,,,,,,
IT0004764699(ENRRO13V),NA,NA,NA,NA,NA,NA,NA,NA,NA,NA,N   ,N   ,N   
,"$$ER: 9903,NO DATA AVAILABLE",,,,,,,,,,,,
,"$$ER: 0904,NO DATA AVAILABLE",,,,,,,,,,,,
,"$$ER: 0904,NO DATA AVAILABLE",,,,,,,,,,,,
IT0004931058(ENRRO13V),NA,NA,NA,NA,NA,NA,NA,NA,NA,NA,N   ,N   ,N   
,"$$ER: 9903,NO DATA AVAILABLE",,,,,,,,,,,,
,"$$ER: 0904,NO DATA AVAILABLE",,,,,,,,,,,,
,"$$ER: 0904,NO DATA AVAILABLE",,,,,,,,,,,,
IT0005054967(ENRRO13V),NA,NA,NA,NA,NA,NA,NA,NA,NA,NA,N   ,N   ,N   
,"$$ER: 9903,NO DATA AVAILABLE",,,,,,,,,,,,
IT0005054967(ENERDP091),NA,NA,NA,NA,NA,NA,NA,NA,NA,NA,NA,8300000,NA
,"$$ER: 0904,NO DATA AVAILABLE",,,,,,,,,,,,
IT0005162406(ENRRO13V),NA,NA,NA,NA,NA,NA,NA,NA,NA,NA,N   ,N   ,N   
,"$$ER: 9903,NO DATA AVAILABLE",,,,,,,,,,,,
,"$$ER: 0904,NO DATA AVAILABLE",,,,,,,,,,,,
,"$$ER: 0904,NO DATA AVAILABLE",,,,,,,,,,,,
IT0005241192(ENRRO13V),NA,NA,NA,NA,NA,NA,NA,NA,NA,NA,N   ,N   ,N   
,"$$ER: 9903,NO DATA AVAILABLE",,,,,,,,,,,,
,"$$ER: 0904,NO DATA AVAILABLE",,,,,,,,,,,,
,"$$ER: 0904,NO DATA AVAILABLE",,,,,,,,,,,,
IT0005253205(ENRRO13V),NA,NA,NA,NA,NA,NA,NA,NA,NA,NA,N   ,N   ,N   
,"$$ER: 9903,NO DATA AVAILABLE",,,,,,,,,,,,
,"$$ER: 0904,NO DATA AVAILABLE",,,,,,,,,,,,
,"$$ER: 0904,NO DATA AVAILABLE",,,,,,,,,,,,
IT0005388266(ENRRO13V),NA,NA,NA,NA,NA,NA,NA,NA,NA,NA,NA,N   ,N   
,"$$ER: 9903,NO DATA AVAILABLE",,,,,,,,,,,,
,"$$ER: 0904,NO DATA AVAILABLE",,,,,,,,,,,,
,"$$ER: 0904,NO DATA AVAILABLE",,,,,,,,,,,,
LU0327357389(ENRRO13V),NA,NA,N   ,N   ,N   ,N   ,N   ,N   ,N   ,N   ,N   ,N   ,N   
,"$$ER: 9903,NO DATA AVAILABLE",,,,,,,,,,,,
,"$$ER: 0904,NO DATA AVAILABLE",,,,,,,,,,,,
,"$$ER: 0904,NO DATA AVAILABLE",,,,,,,,,,,,
LU1704650164(ENRRO13V),NA,NA,NA,NA,NA,NA,NA,NA,NA,NA,N   ,N   ,N   
,"$$ER: 9903,NO DATA AVAILABLE",,,,,,,,,,,,
LU1704650164(ENERDP091),NA,NA,NA,NA,NA,NA,NA,NA,NA,NA,NA,NA,0
,"$$ER: 0904,NO DATA AVAILABLE",,,,,,,,,,,,
LU2237380790(ENRRO13V),NA,NA,NA,NA,NA,NA,NA,NA,NA,NA,NA,NA,N   
,"$$ER: 9903,NO DATA AVAILABLE",,,,,,,,,,,,
,"$$ER: 0904,NO DATA AVAILABLE",,,,,,,,,,,,
,"$$ER: 0904,NO DATA AVAILABLE",,,,,,,,,,,,
NL0000009082(ENRRO13V),N   ,N   ,N   ,N   ,N   ,N   ,N   ,N   ,N   ,N   ,N   ,N   ,N   
,"$$ER: 9903,NO DATA AVAILABLE",,,,,,,,,,,,
,"$$ER: 0904,NO DATA AVAILABLE",,,,,,,,,,,,
,"$$ER: 0904,NO DATA AVAILABLE",,,,,,,,,,,,
NL0000395903(ENRRO13V),N   ,N   ,N   ,N   ,N   ,N   ,N   ,N   ,N   ,N   ,N   ,N   ,N   
,"$$ER: 9903,NO DATA AVAILABLE",,,,,,,,,,,,
,"$$ER: 0904,NO DATA AVAILABLE",,,,,,,,,,,,
,"$$ER: 0904,NO DATA AVAILABLE",,,,,,,,,,,,
NL0000852523(ENRRO13V),NA,NA,NA,NA,NA,NA,NA,NA,NA,NA,N   ,N   ,N   
,"$$ER: 9903,NO DATA AVAILABLE",,,,,,,,,,,,
,"$$ER: 0904,NO DATA AVAILABLE",,,,,,,,,,,,
,"$$ER: 0904,NO DATA AVAILABLE",,,,,,,,,,,,
NL0000852531(ENRRO13V),NA,NA,NA,NA,NA,NA,NA,NA,NA,NA,N   ,N   ,N   
,"$$ER: 9903,NO DATA AVAILABLE",,,,,,,,,,,,
,"$$ER: 0904,NO DATA AVAILABLE",,,,,,,,,,,,
,"$$ER: 0904,NO DATA AVAILABLE",,,,,,,,,,,,
NL0000888691(ENRRO13V),NA,NA,NA,NA,NA,NA,NA,NA,NA,NA,N   ,N   ,N   
,"$$ER: 9903,NO DATA AVAILABLE",,,,,,,,,,,,
NL0000888691(ENERDP091),NA,NA,NA,NA,NA,NA,NA,NA,NA,NA,3178000,7737000,22138000
,"$$ER: 0904,NO DATA AVAILABLE",,,,,,,,,,,,
NL0009739416(ENRRO13V),N   ,N   ,N   ,N   ,N   ,N   ,N   ,N   ,N   ,N   ,N   ,N   ,N   
,"$$ER: 9903,NO DATA AVAILABLE",,,,,,,,,,,,
,"$$ER: 0904,NO DATA AVAILABLE",,,,,,,,,,,,
,"$$ER: 0904,NO DATA AVAILABLE",,,,,,,,,,,,
NL0009767532(ENRRO13V),NA,NA,NA,NA,NA,NA,NA,NA,NA,NA,N   ,N   ,N   
,"$$ER: 9903,NO DATA AVAILABLE",,,,,,,,,,,,
,"$$ER: 0904,NO DATA AVAILABLE",,,,,,,,,,,,
,"$$ER: 0904,NO DATA AVAILABLE",,,,,,,,,,,,
NL0010545661(ENRRO13V),NA,NA,NA,NA,NA,N   ,N   ,N   ,N   ,N   ,N   ,N   ,N   
,"$$ER: 9903,NO DATA AVAILABLE",,,,,,,,,,,,
NL0010545661(ENERDP091),NA,NA,NA,NA,NA,66599892,56000000,37000000,38000000,42500000,45600000,47800000,44400000
,"$$ER: 0904,NO DATA AVAILABLE",,,,,,,,,,,,
NL0010558797(ENRRO13V),NA,NA,NA,NA,NA,N   ,N   ,N   ,N   ,N   ,N   ,N   ,N   
,"$$ER: 9903,NO DATA AVAILABLE",,,,,,,,,,,,
,"$$ER: 0904,NO DATA AVAILABLE",,,,,,,,,,,,
,"$$ER: 0904,NO DATA AVAILABLE",,,,,,,,,,,,
NL0010583399(ENRRO13V),N   ,N   ,N   ,N   ,N   ,N   ,N   ,N   ,N   ,N   ,N   ,N   ,N   
,"$$ER: 9903,NO DATA AVAILABLE",,,,,,,,,,,,
,"$$ER: 0904,NO DATA AVAILABLE",,,,,,,,,,,,
,"$$ER: 0904,NO DATA AVAILABLE",,,,,,,,,,,,
NL0011794037(ENRRO13V),N   ,N   ,N   ,N   ,N   ,N   ,N   ,N   ,N   ,N   ,N   ,N   ,Y   
,"$$ER: 9903,NO DATA AVAILABLE",,,,,,,,,,,,
,"$$ER: 0904,NO DATA AVAILABLE",,,,,,,,,,,,
,"$$ER: 0904,NO DATA AVAILABLE",,,,,,,,,,,,
NL0012059018(ENRRO13V),N   ,N   ,N   ,N   ,N   ,N   ,N   ,N   ,N   ,N   ,N   ,N   ,NA
,"$$ER: 9903,NO DATA AVAILABLE",,,,,,,,,,,,
,"$$ER: 0904,NO DATA AVAILABLE",,,,,,,,,,,,
,"$$ER: 0904,NO DATA AVAILABLE",,,,,,,,,,,,
NL0012969182(ENRRO13V),NA,NA,NA,NA,NA,NA,NA,NA,NA,NA,N   ,N   ,N   
,"$$ER: 9903,NO DATA AVAILABLE",,,,,,,,,,,,
,"$$ER: 0904,NO DATA AVAILABLE",,,,,,,,,,,,
,"$$ER: 0904,NO DATA AVAILABLE",,,,,,,,,,,,
NL0013654783(ENRRO13V),NA,NA,NA,NA,NA,NA,NA,NA,NA,NA,NA,NA,N   
,"$$ER: 9903,NO DATA AVAILABLE",,,,,,,,,,,,
,"$$ER: 0904,NO DATA AVAILABLE",,,,,,,,,,,,
,"$$ER: 0904,NO DATA AVAILABLE",,,,,,,,,,,,
NL0013995087(ENRRO13V),NA,NA,NA,NA,NA,NA,NA,NA,NA,NA,N   ,N   ,N   
,"$$ER: 9903,NO DATA AVAILABLE",,,,,,,,,,,,
,"$$ER: 0904,NO DATA AVAILABLE",,,,,,,,,,,,
,"$$ER: 0904,NO DATA AVAILABLE",,,,,,,,,,,,
NL00150001Q9(ENRRO13V),N   ,N   ,N   ,N   ,N   ,N   ,N   ,N   ,Y   ,Y   ,Y   ,Y   ,Y   
NL00150001Q9(ENRRDP067),NA,NA,NA,NA,NA,NA,NA,NA,4,1,1,10,4
NL00150001Q9(ENERDP091),105000000,54000000,83000000,137000000,103000000,100000000,94000000,94000000,100000000,117000000,77000000,94000000,99000000
,"$$ER: 0904,NO DATA AVAILABLE",,,,,,,,,,,,
NL0015435975(ENRRO13V),NA,NA,N   ,N   ,N   ,N   ,N   ,N   ,N   ,N   ,N   ,N   ,N   
,"$$ER: 9903,NO DATA AVAILABLE",,,,,,,,,,,,
,"$$ER: 0904,NO DATA AVAILABLE",,,,,,,,,,,,
,"$$ER: 0904,NO DATA AVAILABLE",,,,,,,,,,,,
NO0003028904(ENRRO13V),N   ,N   ,N   ,N   ,N   ,N   ,N   ,N   ,N   ,N   ,N   ,N   ,N   
,"$$ER: 9903,NO DATA AVAILABLE",,,,,,,,,,,,
,"$$ER: 0904,NO DATA AVAILABLE",,,,,,,,,,,,
,"$$ER: 0904,NO DATA AVAILABLE",,,,,,,,,,,,
NO0003033102(ENRRO13V),NA,NA,NA,NA,NA,NA,NA,NA,NA,NA,N   ,N   ,N   
,"$$ER: 9903,NO DATA AVAILABLE",,,,,,,,,,,,
,"$$ER: 0904,NO DATA AVAILABLE",,,,,,,,,,,,
,"$$ER: 0904,NO DATA AVAILABLE",,,,,,,,,,,,
NO0003055501(ENRRO13V),NA,NA,NA,NA,NA,NA,NA,NA,NA,NA,N   ,N   ,N   
,"$$ER: 9903,NO DATA AVAILABLE",,,,,,,,,,,,
,"$$ER: 0904,NO DATA AVAILABLE",,,,,,,,,,,,
,"$$ER: 0904,NO DATA AVAILABLE",,,,,,,,,,,,
NO0003078800(ENRRO13V),N   ,N   ,N   ,N   ,N   ,N   ,N   ,N   ,N   ,N   ,N   ,N   ,N   
,"$$ER: 9903,NO DATA AVAILABLE",,,,,,,,,,,,
,"$$ER: 0904,NO DATA AVAILABLE",,,,,,,,,,,,
,"$$ER: 0904,NO DATA AVAILABLE",,,,,,,,,,,,
NO0003096208(ENRRO13V),NA,NA,NA,NA,NA,NA,NA,NA,NA,N   ,N   ,N   ,NA
,"$$ER: 9903,NO DATA AVAILABLE",,,,,,,,,,,,
,"$$ER: 0904,NO DATA AVAILABLE",,,,,,,,,,,,
,"$$ER: 0904,NO DATA AVAILABLE",,,,,,,,,,,,
NO0003733800(ENRRO13V),N   ,N   ,N   ,N   ,N   ,N   ,N   ,N   ,N   ,N   ,N   ,N   ,N   
,"$$ER: 9903,NO DATA AVAILABLE",,,,,,,,,,,,
,"$$ER: 0904,NO DATA AVAILABLE",,,,,,,,,,,,
,"$$ER: 0904,NO DATA AVAILABLE",,,,,,,,,,,,
NO0004822503(ENRRO13V),NA,NA,NA,NA,NA,NA,NA,NA,NA,NA,N   ,N   ,N   
,"$$ER: 9903,NO DATA AVAILABLE",,,,,,,,,,,,
,"$$ER: 0904,NO DATA AVAILABLE",,,,,,,,,,,,
,"$$ER: 0904,NO DATA AVAILABLE",,,,,,,,,,,,
NO0005668905(ENRRO13V),N   ,N   ,N   ,N   ,N   ,N   ,N   ,N   ,N   ,N   ,N   ,N   ,N   
,"$$ER: 9903,NO DATA AVAILABLE",,,,,,,,,,,,
,"$$ER: 0904,NO DATA AVAILABLE",,,,,,,,,,,,
,"$$ER: 0904,NO DATA AVAILABLE",,,,,,,,,,,,
NO0010073489(ENRRO13V),NA,NA,NA,NA,NA,NA,NA,NA,NA,NA,N   ,N   ,N   
,"$$ER: 9903,NO DATA AVAILABLE",,,,,,,,,,,,
,"$$ER: 0904,NO DATA AVAILABLE",,,,,,,,,,,,
,"$$ER: 0904,NO DATA AVAILABLE",,,,,,,,,,,,
NO0010345853(ENRRO13V),NA,NA,NA,NA,NA,NA,NA,NA,NA,N   ,N   ,N   ,N   
,"$$ER: 9903,NO DATA AVAILABLE",,,,,,,,,,,,
,"$$ER: 0904,NO DATA AVAILABLE",,,,,,,,,,,,
,"$$ER: 0904,NO DATA AVAILABLE",,,,,,,,,,,,
NO0010365521(ENRRO13V),NA,NA,NA,NA,NA,NA,NA,NA,NA,NA,N   ,N   ,N   
,"$$ER: 9903,NO DATA AVAILABLE",,,,,,,,,,,,
,"$$ER: 0904,NO DATA AVAILABLE",,,,,,,,,,,,
,"$$ER: 0904,NO DATA AVAILABLE",,,,,,,,,,,,
NO0010734338(ENRRO13V),NA,NA,NA,NA,NA,NA,NA,NA,NA,NA,NA,NA,N   
,"$$ER: 9903,NO DATA AVAILABLE",,,,,,,,,,,,
,"$$ER: 0904,NO DATA AVAILABLE",,,,,,,,,,,,
,"$$ER: 0904,NO DATA AVAILABLE",,,,,,,,,,,,
NO0010815673(ENRRO13V),NA,NA,NA,NA,NA,NA,NA,NA,NA,NA,NA,N   ,N   
,"$$ER: 9903,NO DATA AVAILABLE",,,,,,,,,,,,
,"$$ER: 0904,NO DATA AVAILABLE",,,,,,,,,,,,
,"$$ER: 0904,NO DATA AVAILABLE",,,,,,,,,,,,
NO0010816093(ENRRO13V),NA,NA,NA,NA,NA,NA,NA,NA,NA,NA,N   ,N   ,N   
,"$$ER: 9903,NO DATA AVAILABLE",,,,,,,,,,,,
,"$$ER: 0904,NO DATA AVAILABLE",,,,,,,,,,,,
,"$$ER: 0904,NO DATA AVAILABLE",,,,,,,,,,,,
NO0010861115(ENRRO13V),NA,NA,NA,NA,NA,NA,NA,NA,NA,NA,N   ,N   ,N   
,"$$ER: 9903,NO DATA AVAILABLE",,,,,,,,,,,,
NO0010861115(ENERDP091),NA,NA,NA,NA,NA,NA,NA,NA,NA,NA,0,0,0
,"$$ER: 0904,NO DATA AVAILABLE",,,,,,,,,,,,
PLBRSZW00011(ENRRO13V),NA,NA,NA,NA,NA,NA,NA,NA,NA,NA,N   ,N   ,N   
,"$$ER: 9903,NO DATA AVAILABLE",,,,,,,,,,,,
,"$$ER: 0904,NO DATA AVAILABLE",,,,,,,,,,,,
,"$$ER: 0904,NO DATA AVAILABLE",,,,,,,,,,,,
PLBUDMX00013(ENRRO13V),NA,NA,NA,NA,NA,NA,NA,NA,NA,NA,N   ,N   ,N   
,"$$ER: 9903,NO DATA AVAILABLE",,,,,,,,,,,,
,"$$ER: 0904,NO DATA AVAILABLE",,,,,,,,,,,,
,"$$ER: 0904,NO DATA AVAILABLE",,,,,,,,,,,,
PLFAMUR00012(ENRRO13V),NA,NA,NA,NA,NA,NA,NA,NA,NA,NA,N   ,N   ,N   
,"$$ER: 9903,NO DATA AVAILABLE",,,,,,,,,,,,
,"$$ER: 0904,NO DATA AVAILABLE",,,,,,,,,,,,
,"$$ER: 0904,NO DATA AVAILABLE",,,,,,,,,,,,
PLJSW0000015(ENRRO13V),NA,NA,NA,N   ,N   ,N   ,N   ,N   ,N   ,N   ,N   ,N   ,N   
,"$$ER: 9903,NO DATA AVAILABLE",,,,,,,,,,,,
PLJSW0000015(ENERDP091),NA,NA,NA,600000,0,0,600000,1700000,1300000,89800000,164700000,223200000,273600000
,"$$ER: 0904,NO DATA AVAILABLE",,,,,,,,,,,,
PLKGHM000017(ENRRO13V),N   ,N   ,N   ,N   ,N   ,N   ,N   ,N   ,Y   ,N   ,N   ,N   ,N   
PLKGHM000017(ENRRDP067),NA,NA,NA,NA,NA,NA,NA,NA,2,NA,NA,NA,NA
PLKGHM000017(ENERDP091),45120000,47807000,78969000,213675000,206410000,210600000,600804413.3,630424534.8,631000000,383000000,157000000,247000000,200500000
,"$$ER: 0904,NO DATA AVAILABLE",,,,,,,,,,,,
PLLOTOS00025(ENRRO13V),NA,NA,N   ,N   ,N   ,N   ,N   ,N   ,N   ,N   ,N   ,N   ,N   
,"$$ER: 9903,NO DATA AVAILABLE",,,,,,,,,,,,
PLLOTOS00025(ENERDP091),NA,NA,798239000,905889000,925655000,1232930000,1038460000,190573000,212452000,96100000,44500000,37500000,37500000
,"$$ER: 0904,NO DATA AVAILABLE",,,,,,,,,,,,
PLPGNIG00014(ENRRO13V),N   ,N   ,N   ,N   ,N   ,N   ,N   ,N   ,N   ,N   ,N   ,N   ,N   
,"$$ER: 9903,NO DATA AVAILABLE",,,,,,,,,,,,
PLPGNIG00014(ENERDP091),43853891,40414477,131571000,223528000,208910000,126829622.6,233263000,1300000,139500000,1003500000,1328800000,1628000000,1570000000
,"$$ER: 0904,NO DATA AVAILABLE",,,,,,,,,,,,
PTEDP0AM0009(ENRRO13V),N   ,N   ,N   ,N   ,N   ,N   ,N   ,N   ,N   ,N   ,N   ,N   ,N   
,"$$ER: 9903,NO DATA AVAILABLE",,,,,,,,,,,,
PTEDP0AM0009(ENERDP091),163783000,118898000,98477000,77422000,80514000,99974000,83670000,104620000,240871000,237465000,264482000,354197000,309058000
PTEDP0AM0009(ENPIDP023),NA,NA,NA,986000,502000,444000,949000,963000,508000,393000,668000,564000,455000
PTJMT0AE0001(ENRRO13V),N   ,N   ,N   ,N   ,N   ,N   ,N   ,N   ,N   ,N   ,N   ,N   ,N   
,"$$ER: 9903,NO DATA AVAILABLE",,,,,,,,,,,,
PTJMT0AE0001(ENERDP091),NA,NA,NA,NA,NA,NA,NA,NA,NA,NA,NA,62000000,NA
,"$$ER: 0904,NO DATA AVAILABLE",,,,,,,,,,,,
ROSNPPACNOR9(ENRRO13V),NA,NA,NA,NA,NA,NA,NA,NA,NA,NA,NA,NA,N   
,"$$ER: 9903,NO DATA AVAILABLE",,,,,,,,,,,,
ROSNPPACNOR9(ENERDP091),NA,NA,NA,NA,NA,NA,NA,NA,NA,NA,NA,NA,518852000
,"$$ER: 0904,NO DATA AVAILABLE",,,,,,,,,,,,
SE0000106270(ENRRO13V),N   ,N   ,N   ,N   ,N   ,N   ,N   ,N   ,N   ,N   ,N   ,N   ,N   
,"$$ER: 9903,NO DATA AVAILABLE",,,,,,,,,,,,
,"$$ER: 0904,NO DATA AVAILABLE",,,,,,,,,,,,
,"$$ER: 0904,NO DATA AVAILABLE",,,,,,,,,,,,
SE0000108656(ENRRO13V),N   ,N   ,N   ,N   ,N   ,N   ,N   ,N   ,N   ,N   ,N   ,N   ,N   
,"$$ER: 9903,NO DATA AVAILABLE",,,,,,,,,,,,
,"$$ER: 0904,NO DATA AVAILABLE",,,,,,,,,,,,
,"$$ER: 0904,NO DATA AVAILABLE",,,,,,,,,,,,
SE0000112385(ENRRO13V),NA,NA,NA,NA,NA,NA,NA,N   ,N   ,N   ,N   ,N   ,N   
,"$$ER: 9903,NO DATA AVAILABLE",,,,,,,,,,,,
,"$$ER: 0904,NO DATA AVAILABLE",,,,,,,,,,,,
,"$$ER: 0904,NO DATA AVAILABLE",,,,,,,,,,,,
SE0000114837(ENRRO13V),N   ,N   ,N   ,N   ,N   ,N   ,N   ,N   ,N   ,N   ,N   ,N   ,N   
,"$$ER: 9903,NO DATA AVAILABLE",,,,,,,,,,,,
SE0000114837(ENERDP091),NA,NA,97600000,NA,NA,NA,NA,NA,NA,734000000,789000000,816000000,698000000
,"$$ER: 0904,NO DATA AVAILABLE",,,,,,,,,,,,
SE0000115446(ENRRO13V),N   ,N   ,N   ,N   ,N   ,N   ,N   ,N   ,N   ,N   ,N   ,Y   ,N   
SE0000115446(ENRRDP067),NA,NA,NA,NA,NA,NA,NA,NA,NA,NA,NA,1,NA
,"$$ER: 0904,NO DATA AVAILABLE",,,,,,,,,,,,
SE0000115446(ENPIDP023),14000000000,13193000000,13000000000,13300000000,14600000000,15100000000,16700000000,NA,NA,NA,NA,NA,NA
SE0000120776(ENRRO13V),NA,NA,NA,NA,NA,NA,NA,NA,NA,NA,NA,NA,N   
,"$$ER: 9903,NO DATA AVAILABLE",,,,,,,,,,,,
,"$$ER: 0904,NO DATA AVAILABLE",,,,,,,,,,,,
,"$$ER: 0904,NO DATA AVAILABLE",,,,,,,,,,,,
SE0000123671(ENRRO13V),NA,NA,NA,NA,NA,NA,NA,NA,NA,NA,NA,NA,N   
,"$$ER: 9903,NO DATA AVAILABLE",,,,,,,,,,,,
,"$$ER: 0904,NO DATA AVAILABLE",,,,,,,,,,,,
,"$$ER: 0904,NO DATA AVAILABLE",,,,,,,,,,,,
SE0000171100(ENRRO13V),N   ,N   ,N   ,N   ,N   ,N   ,N   ,N   ,N   ,N   ,N   ,N   ,N   
,"$$ER: 9903,NO DATA AVAILABLE",,,,,,,,,,,,
,"$$ER: 0904,NO DATA AVAILABLE",,,,,,,,,,,,
,"$$ER: 0904,NO DATA AVAILABLE",,,,,,,,,,,,
SE0000202624(ENRRO13V),N   ,N   ,N   ,N   ,N   ,N   ,N   ,N   ,N   ,N   ,N   ,N   ,N   
,"$$ER: 9903,NO DATA AVAILABLE",,,,,,,,,,,,
,"$$ER: 0904,NO DATA AVAILABLE",,,,,,,,,,,,
,"$$ER: 0904,NO DATA AVAILABLE",,,,,,,,,,,,
SE0000667891(ENRRO13V),N   ,N   ,N   ,N   ,N   ,N   ,N   ,N   ,N   ,N   ,N   ,N   ,N   
,"$$ER: 9903,NO DATA AVAILABLE",,,,,,,,,,,,
,"$$ER: 0904,NO DATA AVAILABLE",,,,,,,,,,,,
,"$$ER: 0904,NO DATA AVAILABLE",,,,,,,,,,,,
SE0000667925(ENRRO13V),N   ,N   ,N   ,N   ,N   ,N   ,N   ,N   ,N   ,N   ,N   ,N   ,N   
,"$$ER: 9903,NO DATA AVAILABLE",,,,,,,,,,,,
,"$$ER: 0904,NO DATA AVAILABLE",,,,,,,,,,,,
,"$$ER: 0904,NO DATA AVAILABLE",,,,,,,,,,,,
SE0000695876(ENRRO13V),N   ,N   ,N   ,N   ,N   ,N   ,N   ,N   ,N   ,N   ,N   ,N   ,N   
,"$$ER: 9903,NO DATA AVAILABLE",,,,,,,,,,,,
,"$$ER: 0904,NO DATA AVAILABLE",,,,,,,,,,,,
SE0000695876(ENPIDP023),NA,NA,NA,NA,NA,NA,NA,NA,NA,NA,1020000000,1086000000,1039000000
SE0000872095(ENRRO13V),NA,NA,NA,NA,NA,NA,N   ,N   ,N   ,N   ,N   ,N   ,N   
,"$$ER: 9903,NO DATA AVAILABLE",,,,,,,,,,,,
,"$$ER: 0904,NO DATA AVAILABLE",,,,,,,,,,,,
,"$$ER: 0904,NO DATA AVAILABLE",,,,,,,,,,,,
SE0000949331(ENRRO13V),N   ,N   ,N   ,N   ,N   ,N   ,N   ,N   ,N   ,N   ,N   ,N   ,N   
,"$$ER: 9903,NO DATA AVAILABLE",,,,,,,,,,,,
,"$$ER: 0904,NO DATA AVAILABLE",,,,,,,,,,,,
,"$$ER: 0904,NO DATA AVAILABLE",,,,,,,,,,,,
SE0001662230(ENRRO13V),N   ,N   ,N   ,N   ,N   ,N   ,N   ,N   ,N   ,N   ,N   ,N   ,N   
,"$$ER: 9903,NO DATA AVAILABLE",,,,,,,,,,,,
SE0001662230(ENERDP091),NA,NA,NA,31000000,NA,NA,NA,NA,NA,NA,NA,NA,NA
,"$$ER: 0904,NO DATA AVAILABLE",,,,,,,,,,,,
SE0002591420(ENRRO13V),NA,NA,NA,NA,NA,NA,NA,NA,NA,NA,N   ,N   ,N   
,"$$ER: 9903,NO DATA AVAILABLE",,,,,,,,,,,,
,"$$ER: 0904,NO DATA AVAILABLE",,,,,,,,,,,,
,"$$ER: 0904,NO DATA AVAILABLE",,,,,,,,,,,,
SE0002626861(ENRRO13V),NA,NA,NA,NA,NA,NA,NA,NA,NA,NA,N   ,N   ,N   
,"$$ER: 9903,NO DATA AVAILABLE",,,,,,,,,,,,
,"$$ER: 0904,NO DATA AVAILABLE",,,,,,,,,,,,
,"$$ER: 0904,NO DATA AVAILABLE",,,,,,,,,,,,
SE0003366871(ENRRO13V),N   ,N   ,N   ,N   ,N   ,N   ,N   ,N   ,N   ,N   ,N   ,N   ,N   
,"$$ER: 9903,NO DATA AVAILABLE",,,,,,,,,,,,
SE0003366871(ENERDP091),453000000,467300000,417000000,451500000,345400000,313000000,364000000,549000000,842000000,1413000000,1693000000,1807000000,627000000
,"$$ER: 0904,NO DATA AVAILABLE",,,,,,,,,,,,
SE0005190238(ENRRO13V),N   ,N   ,N   ,N   ,N   ,N   ,N   ,N   ,N   ,N   ,N   ,N   ,N   
,"$$ER: 9903,NO DATA AVAILABLE",,,,,,,,,,,,
,"$$ER: 0904,NO DATA AVAILABLE",,,,,,,,,,,,
,"$$ER: 0904,NO DATA AVAILABLE",,,,,,,,,,,,
SE0005677135(ENRRO13V),NA,NA,NA,NA,NA,NA,NA,NA,NA,NA,N   ,N   ,N   
,"$$ER: 9903,NO DATA AVAILABLE",,,,,,,,,,,,
,"$$ER: 0904,NO DATA AVAILABLE",,,,,,,,,,,,
,"$$ER: 0904,NO DATA AVAILABLE",,,,,,,,,,,,
SE0007185418(ENRRO13V),NA,NA,NA,NA,NA,NA,NA,NA,NA,N   ,N   ,N   ,N   
,"$$ER: 9903,NO DATA AVAILABLE",,,,,,,,,,,,
,"$$ER: E100,INVALID CODE OR EXPRESSION ENTERED",,,,,,,,,,,,
,"$$ER: E100,INVALID CODE OR EXPRESSION ENTERED",,,,,,,,,,,,
SE0007439443(ENRRO13V),NA,NA,NA,NA,NA,NA,NA,NA,NA,NA,N   ,N   ,N   
,"$$ER: 9903,NO DATA AVAILABLE",,,,,,,,,,,,
,"$$ER: 0904,NO DATA AVAILABLE",,,,,,,,,,,,
,"$$ER: 0904,NO DATA AVAILABLE",,,,,,,,,,,,
SE0007871645(ENRRO13V),NA,NA,NA,NA,NA,NA,NA,N   ,N   ,N   ,N   ,N   ,N   
,"$$ER: 9903,NO DATA AVAILABLE",,,,,,,,,,,,
,"$$ER: 0904,NO DATA AVAILABLE",,,,,,,,,,,,
,"$$ER: 0904,NO DATA AVAILABLE",,,,,,,,,,,,
SE0009778848(ENRRO13V),NA,NA,NA,NA,NA,NA,NA,NA,NA,NA,NA,NA,N   
,"$$ER: 9903,NO DATA AVAILABLE",,,,,,,,,,,,
,"$$ER: 0904,NO DATA AVAILABLE",,,,,,,,,,,,
,"$$ER: 0904,NO DATA AVAILABLE",,,,,,,,,,,,
SE0010100958(ENRRO13V),NA,NA,NA,NA,NA,NA,NA,NA,NA,NA,NA,N   ,N   
,"$$ER: 9903,NO DATA AVAILABLE",,,,,,,,,,,,
,"$$ER: 0904,NO DATA AVAILABLE",,,,,,,,,,,,
,"$$ER: 0904,NO DATA AVAILABLE",,,,,,,,,,,,
SE0010468116(ENRRO13V),NA,NA,NA,NA,NA,NA,NA,NA,NA,NA,N   ,N   ,N   
,"$$ER: 9903,NO DATA AVAILABLE",,,,,,,,,,,,
,"$$ER: 0904,NO DATA AVAILABLE",,,,,,,,,,,,
,"$$ER: 0904,NO DATA AVAILABLE",,,,,,,,,,,,
SE0010985028(ENRRO13V),NA,NA,NA,NA,NA,NA,NA,NA,NA,NA,NA,N   ,N   
,"$$ER: 9903,NO DATA AVAILABLE",,,,,,,,,,,,
,"$$ER: 0904,NO DATA AVAILABLE",,,,,,,,,,,,
,"$$ER: 0904,NO DATA AVAILABLE",,,,,,,,,,,,
SE0011090018(ENRRO13V),N   ,N   ,N   ,N   ,N   ,N   ,N   ,N   ,N   ,N   ,N   ,N   ,N   
,"$$ER: 9903,NO DATA AVAILABLE",,,,,,,,,,,,
SE0011090018(ENERDP091),958000000,455000000,395000000,617000000,947000000,698000000,595000000,351000000,330000000,275000000,362000000,591000000,710000000
,"$$ER: 0904,NO DATA AVAILABLE",,,,,,,,,,,,
SE0011166610(ENRRO13V),N   ,N   ,N   ,N   ,N   ,N   ,N   ,N   ,N   ,N   ,N   ,N   ,N   
,"$$ER: 9903,NO DATA AVAILABLE",,,,,,,,,,,,
,"$$ER: 0904,NO DATA AVAILABLE",,,,,,,,,,,,
,"$$ER: 0904,NO DATA AVAILABLE",,,,,,,,,,,,
SE0012116390(ENRRO13V),NA,NA,NA,NA,NA,NA,NA,NA,NA,NA,NA,N   ,N   
,"$$ER: 9903,NO DATA AVAILABLE",,,,,,,,,,,,
,"$$ER: 0904,NO DATA AVAILABLE",,,,,,,,,,,,
,"$$ER: 0904,NO DATA AVAILABLE",,,,,,,,,,,,
SE0015672282(ENRRO13V),NA,NA,NA,NA,NA,NA,NA,NA,NA,NA,N   ,N   ,N   
,"$$ER: 9903,NO DATA AVAILABLE",,,,,,,,,,,,
,"$$ER: 0904,NO DATA AVAILABLE",,,,,,,,,,,,
,"$$ER: 0904,NO DATA AVAILABLE",,,,,,,,,,,,
SE0015810247(ENRRO13V),N   ,N   ,N   ,N   ,N   ,N   ,N   ,N   ,N   ,N   ,N   ,N   ,N   
,"$$ER: 9903,NO DATA AVAILABLE",,,,,,,,,,,,
,"$$ER: 0904,NO DATA AVAILABLE",,,,,,,,,,,,
,"$$ER: 0904,NO DATA AVAILABLE",,,,,,,,,,,,
SE0015961909(ENRRO13V),N   ,N   ,N   ,N   ,N   ,N   ,N   ,N   ,N   ,N   ,N   ,N   ,N   
